Type,Date,Exercise / Meal,Category / Meal Type,Set Number,Reps,Weight (kg),Duration (hrs),Duration (mins),Total Duration (mins),Calories (kcal),Protein (g),Carbs (g),Fat (g),Sugar (g),Heart Rate (bpm),Foods,Notes,Logged At (UTC)
"Nutrition","2026-09-09","Snack","Snack","","","","","","","175","","42","","42","","700ml Pocari Sweat (100ml)","","2026-09-09T08:53:12.335Z"
"Nutrition","2026-09-09","Snack","Snack","","","","","","","110","2","30","","27","","40g Dates","","2026-09-09T08:52:58.992Z"
"Nutrition","2026-09-09","Snack","Snack","","","","","","","170","6","6","15","1","","30g Rosemary Almonds","","2026-09-09T08:36:22.047Z"
"Nutrition","2026-09-09","Protein","Protein","","","","","","","320","54","8","3","1","","45g Whey Protein Powder; 20g Collagen Peptides; 5g Chia Seeds; 10g Creatine (5g)","","2026-09-09T07:45:06.284Z"
"Nutrition","2026-09-09","Breakfast","Breakfast","","","","","","","1022","59","120","35","32","","2serving Banana; 125g Ground Beef 80/20; 1serving Boiled Eggs (2); 40g Sourdough Bread; 150g White Rice (Cooked); 1serving Cappuccino","","2026-09-09T03:33:10.954Z"
"Workout","2026-09-09","Push","chest","1","1","","","84","84","443","","","","","107","","","2026-09-09T06:16:58.284Z"
"Workout","2026-09-09","Abs","core","6","20","10","","","","","","","","","","","",""
"Workout","2026-09-09","Abs","core","5","20","10","","","","","","","","","","","",""
"Workout","2026-09-09","Abs","core","4","20","10","","","","","","","","","","","",""
"Workout","2026-09-09","Abs","core","3","10","10","","","","","","","","","","","",""
"Workout","2026-09-09","Abs","core","2","10","10","","","","","","","","","","","",""
"Workout","2026-09-09","Abs","core","1","10","10","","","","","","","","","","","","2026-09-09T06:14:08.175Z"
"Workout","2026-09-09","Abs","core","6","10","","","","","","","","","","","","",""
"Workout","2026-09-09","Abs","core","5","10","","","","","","","","","","","","",""
"Workout","2026-09-09","Abs","core","4","10","","","","","","","","","","","","",""
"Workout","2026-09-09","Abs","core","3","10","","","","","","","","","","","","",""
"Workout","2026-09-09","Abs","core","2","10","","","","","","","","","","","","",""
"Workout","2026-09-09","Abs","core","1","10","","","","","","","","","","","","","2026-09-09T05:59:29.975Z"
"Workout","2026-09-09","Incline Press","chest","3","5","110","","","","","","","","","","","",""
"Workout","2026-09-09","Incline Press","chest","2","5","120","","","","","","","","","","","",""
"Workout","2026-09-09","Incline Press","chest","1","12","100","","","","","","","","","","","","2026-09-09T05:52:28.227Z"
"Workout","2026-09-09","Seated Lateral Raises Machine","shoulders","3","10","20","","","","","","","","","","","",""
"Workout","2026-09-09","Seated Lateral Raises Machine","shoulders","2","10","20","","","","","","","","","","","",""
"Workout","2026-09-09","Seated Lateral Raises Machine","shoulders","1","10","20","","","","","","","","","","","","2026-09-09T05:39:32.890Z"
"Workout","2026-09-09","Shoulder Press Machine","shoulders","3","9","80","","","","","","","","","","","",""
"Workout","2026-09-09","Shoulder Press Machine","shoulders","2","15","60","","","","","","","","","","","",""
"Workout","2026-09-09","Shoulder Press Machine","shoulders","1","15","40","","","","","","","","","","","","2026-09-09T05:32:52.724Z"
"Workout","2026-09-09","Rear Delt Fly Machine","shoulders","3","10","72.5","","","","","","","","","","","",""
"Workout","2026-09-09","Rear Delt Fly Machine","shoulders","2","10","72.5","","","","","","","","","","","",""
"Workout","2026-09-09","Rear Delt Fly Machine","shoulders","1","15","65","","","","","","","","","","","","2026-09-09T05:11:58.184Z"
"Workout","2026-09-09","Fly Machine","chest","3","9","102.5","","","","","","","","","","","",""
"Workout","2026-09-09","Fly Machine","chest","2","10","95","","","","","","","","","","","",""
"Workout","2026-09-09","Fly Machine","chest","1","12","87.5","","","","","","","","","","","","2026-09-09T05:02:37.391Z"
"Workout","2026-09-09","Standing Chest Flies","chest","3","12","125","","","","","","","","","","","",""
"Workout","2026-09-09","Standing Chest Flies","chest","2","15","125","","","","","","","","","","","",""
"Workout","2026-09-09","Standing Chest Flies","chest","1","15","125","","","","","","","","","","","","2026-09-09T04:52:46.516Z"
"Nutrition","2026-09-08","Dinner","Dinner","","","","","","","1249","56","78","82","8","","150g Beef Patty; 100g Sweet Potato Fries; 100g White Rice (Cooked); 100g Avocado; 50g Broccoli; 20g Olive Oil; 25g Cheddar Cheese","","2026-09-08T13:37:20.123Z"
"Nutrition","2026-09-08","Protein","Protein","","","","","","","611","34","86","21","","","1serving The 100 Protein Shake","","2026-09-08T09:30:20.510Z"
"Nutrition","2026-09-08","Lunch","Lunch","","","","","","","624","65","36","23","7","","200g Beef Tenderloin; 100g White Rice (Cooked); 1serving Cappuccino","","2026-09-08T07:31:58.256Z"
"Nutrition","2026-09-08","Lunch","Lunch","","","","","","","225","","54","","54","","900ml Pocari Sweat","","2026-09-08T06:30:56.961Z"
"Nutrition","2026-09-08","Protein","Protein","","","","","","","320","54","8","3","1","","45g Whey Protein Powder; 20g Collagen Peptides; 5g Chia Seeds; 10g Creatine (5g)","","2026-09-08T06:22:04.096Z"
"Nutrition","2026-09-08","Lunch","Lunch","","","","","","","90","1","23","","12","","1serving Banana","","2026-09-08T04:17:33.990Z"
"Nutrition","2026-09-08","Breakfast","Breakfast","","","","","","","80","4","8","3","7","","1serving Cappuccino","","2026-09-08T03:43:43.196Z"
"Nutrition","2026-09-08","Breakfast","Breakfast","","","","","","","420","8","78","10","13","","1serving Mango Smoothie Bowl","","2026-09-08T03:43:31.937Z"
"Nutrition","2026-09-08","Breakfast","Breakfast","","","","","","","560","22","34","38","","","1serving Brown Butter Scramble","","2026-09-08T03:43:24.025Z"
"Workout","2026-09-08","Sauna","recovery","1","","","","10","10","","","","","","","","","2026-09-08T13:49:58.766Z"
"Workout","2026-09-08","Sauna","recovery","1","","","","10","10","","","","","","","","","2026-09-08T13:49:53.489Z"
"Workout","2026-09-08","Calf Raises","legs","4","15","60","","","","","","","","","","","",""
"Workout","2026-09-08","Calf Raises","legs","3","20","60","","","","","","","","","","","",""
"Workout","2026-09-08","Calf Raises","legs","2","20","60","","","","","","","","","","","",""
"Workout","2026-09-08","Calf Raises","legs","1","25","40","","","","","","","","","","","","2026-09-08T05:06:05.121Z"
"Workout","2026-09-08","Leg Press","legs","4","15","97.5","","","","","","","","","","","",""
"Workout","2026-09-08","Leg Press","legs","3","18","90","","","","","","","","","","","",""
"Workout","2026-09-08","Leg Press","legs","2","20","82.5","","","","","","","","","","","",""
"Workout","2026-09-08","Leg Press","legs","1","22","67.5","","","","","","","","","","","","2026-09-08T04:54:37.419Z"
"Workout","2026-09-08","Hip Abductor Machine","legs","4","12","87.5","","","","","","","","","","","",""
"Workout","2026-09-08","Hip Abductor Machine","legs","3","12","87.5","","","","","","","","","","","",""
"Workout","2026-09-08","Hip Abductor Machine","legs","2","15","80","","","","","","","","","","","",""
"Workout","2026-09-08","Hip Abductor Machine","legs","1","16","72.5","","","","","","","","","","","","2026-09-08T04:43:40.189Z"
"Workout","2026-09-08","Hip Adductor","legs","4","10","50","","","","","","","","","","","",""
"Workout","2026-09-08","Hip Adductor","legs","3","8","57.5","","","","","","","","","","","",""
"Workout","2026-09-08","Hip Adductor","legs","2","12","57.5","","","","","","","","","","","",""
"Workout","2026-09-08","Hip Adductor","legs","1","12","57.5","","","","","","","","","","","","2026-09-08T04:35:26.617Z"
"Nutrition","2026-09-07","Snack","Snack","","","","","","","122","6","10","6","10","","200ml Milk (Whole)","","2026-09-07T15:21:42.742Z"
"Nutrition","2026-09-07","Dinner","Dinner","","","","","","","380","30","15","20","","","150g Fried Chicken","","2026-09-07T15:21:20.091Z"
"Nutrition","2026-09-07","Dinner","Dinner","","","","","","","900","40","75","48","","","1serving Chachu Ramen","","2026-09-07T15:20:34.153Z"
"Nutrition","2026-09-07","Snack","Snack","","","","","","","228","3","61","","46","","50g Dates; 1serving Banana","","2026-09-07T07:28:10.054Z"
"Nutrition","2026-09-07","Protein","Protein","","","","","","","320","54","8","3","1","","45g Whey Protein Powder; 20g Collagen Peptides; 5g Chia Seeds; 10g Creatine (5g)","","2026-09-07T06:31:36.759Z"
"Nutrition","2026-09-07","Lunch","Lunch","","","","","","","230","10","45","","30","","500ml Coconut Water (250ml)","","2026-09-07T06:30:48.300Z"
"Nutrition","2026-09-07","Lunch","Lunch","","","","","","","1050","60","80","11","","","1serving Salmon Kebab","","2026-09-07T06:30:37.392Z"
"Nutrition","2026-09-07","Snack","Snack","","","","","","","138","2","38","","34","","50g Dates","","2026-09-07T02:48:03.080Z"
"Nutrition","2026-09-07","Breakfast","Breakfast","","","","","","","422","15","48","22","28","","1serving Banana; 100g Greek Yogurt (Plain); 100g Mango; 25g Pecans; 5g Chia Seeds","","2026-09-07T02:00:10.500Z"
"Workout","2026-09-07","Pickleball","pickleball","1","","","3","","180","1333","","","","","115","","","2026-09-07T15:22:19.199Z"
"Workout","2026-09-07","Plate Side Bends","shoulders","3","8","32.5","","","","","","","","","","","",""
"Workout","2026-09-07","Plate Side Bends","shoulders","2","10","32.5","","","","","","","","","","","",""
"Workout","2026-09-07","Plate Side Bends","shoulders","1","10","32.5","","","","","","","","","","","Reps per side","2026-09-07T05:15:54.864Z"
"Workout","2026-09-07","Abs - Cable Crunches","core","4","12","102.5","","","","","","","","","","","",""
"Workout","2026-09-07","Abs - Cable Crunches","core","3","15","102.5","","","","","","","","","","","",""
"Workout","2026-09-07","Abs - Cable Crunches","core","2","18","95","","","","","","","","","","","",""
"Workout","2026-09-07","Abs - Cable Crunches","core","1","20","87.5","","","","","","","","","","","","2026-09-07T04:51:48.543Z"
"Workout","2026-09-07","Preacher Curls","biceps","3","9","30","","","","","","","","","","","",""
"Workout","2026-09-07","Preacher Curls","biceps","2","9","30","","","","","","","","","","","",""
"Workout","2026-09-07","Preacher Curls","biceps","1","11","30","","","","","","","","","","","","2026-09-07T04:41:02.203Z"
"Workout","2026-09-07","Hammer Curls","biceps","3","18","20","","","","","","","","","","","",""
"Workout","2026-09-07","Hammer Curls","biceps","2","20","18","","","","","","","","","","","",""
"Workout","2026-09-07","Hammer Curls","biceps","1","20","16","","","","","","","","","","","","2026-09-07T04:24:31.520Z"
"Workout","2026-09-07","Lat Pulldown","back","3","8","75","","","","","","","","","","","",""
"Workout","2026-09-07","Lat Pulldown","back","2","8","75","","","","","","","","","","","",""
"Workout","2026-09-07","Lat Pulldown","back","1","12","67.5","","","","","","","","","","","","2026-09-07T04:03:27.178Z"
"Workout","2026-09-07","Rows Machine","back","3","11","60","","","","","","","","","","","",""
"Workout","2026-09-07","Rows Machine","back","2","12","60","","","","","","","","","","","",""
"Workout","2026-09-07","Rows Machine","back","1","15","52.5","","","","","","","","","","","","2026-09-07T03:54:35.508Z"
"Nutrition","2026-09-06","Dinner","Dinner","","","","","","","513","23","65","21","16","","75g Chicken Thigh; 200g Mashed Potato; 50g Cucumber; 50g Cherry Tomato; 40g Avocado; 1serving Banana","","2026-09-06T16:04:41.757Z"
"Nutrition","2026-09-06","Lunch","Lunch","","","","","","","500","28","48","21","30","","1.5serving Scrambled Eggs; 500ml Coconut Water (250ml)","","2026-09-06T07:11:32.773Z"
"Nutrition","2026-09-06","Lunch","Lunch","","","","","","","714","64","44","32","","","75g Fried Chicken; 150g Chicken Thigh; 100g Yellow Rice; 70g Tempeh","","2026-09-06T07:10:54.102Z"
"Nutrition","2026-09-06","Lunch","Lunch","","","","","","","80","4","8","3","7","","1serving Cappuccino","","2026-09-06T06:08:43.467Z"
"Nutrition","2026-09-06","Lunch","Lunch","","","","","","","230","10","45","","30","","500ml Coconut Water (250ml)","","2026-09-06T06:08:29.713Z"
"Nutrition","2026-09-06","Protein","Protein","","","","","","","320","54","8","3","1","","45g Whey Protein Powder; 20g Collagen Peptides; 5g Chia Seeds; 10g Creatine (5g)","","2026-09-06T04:00:29.056Z"
"Nutrition","2026-09-06","Breakfast","Breakfast","","","","","","","420","8","78","10","13","","1serving Mango Smoothie Bowl","","2026-09-06T04:00:07.510Z"
"Nutrition","2026-09-06","Breakfast","Breakfast","","","","","","","80","4","8","3","7","","1serving Cappuccino","","2026-09-06T03:59:52.248Z"
"Nutrition","2026-09-06","Breakfast","Breakfast","","","","","","","180","12","2","14","","","1serving Scrambled Eggs (2)","","2026-09-06T03:59:40.162Z"
"Nutrition","2026-09-06","Breakfast","Breakfast","","","","","","","490","9","98","9","46","","80g Brioche Bun; 2serving Banana; 15g Honey","","2026-09-06T03:59:22.964Z"
"Workout","2026-09-06","Massage","recovery","1","","","1","","60","","","","","","","","","2026-09-07T15:25:04.672Z"
"Workout","2026-09-06","Sauna","recovery","1","","","","13","13","","","","","","","","","2026-09-06T05:49:07.780Z"
"Workout","2026-09-06","Push","chest","1","1","","","73","73","567","","","","","111","","","2026-09-06T04:02:56.198Z"
"Workout","2026-09-06","Overhead Tricep Extension","triceps","2","10","40","","","","","","","","","","","",""
"Workout","2026-09-06","Overhead Tricep Extension","triceps","1","12","40","","","","","","","","","","","","2026-09-06T03:49:44.755Z"
"Workout","2026-09-06","Tricep Pulldowns","triceps","2","8","40","","","","","","","","","","","",""
"Workout","2026-09-06","Tricep Pulldowns","triceps","1","12","40","","","","","","","","","","","","2026-09-06T03:49:20.639Z"
"Workout","2026-09-06","Lateral Raises Machine","shoulders","3","7","55","","","","","","","","","","","",""
"Workout","2026-09-06","Lateral Raises Machine","shoulders","2","9","55","","","","","","","","","","","",""
"Workout","2026-09-06","Lateral Raises Machine","shoulders","1","12","50","","","","","","","","","","","","2026-09-06T03:44:41.808Z"
"Workout","2026-09-06","Rear Delt Fly Machine","shoulders","3","10","72.5","","","","","","","","","","","",""
"Workout","2026-09-06","Rear Delt Fly Machine","shoulders","2","12","65","","","","","","","","","","","",""
"Workout","2026-09-06","Rear Delt Fly Machine","shoulders","1","15","57.5","","","","","","","","","","","","2026-09-06T03:39:15.432Z"
"Workout","2026-09-06","Fly Machine","chest","3","10","87.5","","","","","","","","","","","",""
"Workout","2026-09-06","Fly Machine","chest","2","12","80","","","","","","","","","","","",""
"Workout","2026-09-06","Fly Machine","chest","1","15","72.5","","","","","","","","","","","","2026-09-06T03:30:06.075Z"
"Workout","2026-09-06","Tricep Dips","triceps","3","10","","","","","","","","","","","","",""
"Workout","2026-09-06","Tricep Dips","triceps","2","15","","","","","","","","","","","","",""
"Workout","2026-09-06","Tricep Dips","triceps","1","15","","","","","","","","","","","","","2026-09-06T03:22:39.799Z"
"Workout","2026-09-06","Abs","core","6","20","10","","","","","","","","","","","",""
"Workout","2026-09-06","Abs","core","5","15","10","","","","","","","","","","","",""
"Workout","2026-09-06","Abs","core","4","15","10","","","","","","","","","","","",""
"Workout","2026-09-06","Abs","core","3","20","10","","","","","","","","","","","",""
"Workout","2026-09-06","Abs","core","2","20","10","","","","","","","","","","","",""
"Workout","2026-09-06","Abs","core","1","15","10","","","","","","","","","","","","2026-09-06T03:21:43.722Z"
"Workout","2026-09-06","Standing Chest Flies","chest","3","12","125","","","","","","","","","","","",""
"Workout","2026-09-06","Standing Chest Flies","chest","2","13","125","","","","","","","","","","","",""
"Workout","2026-09-06","Standing Chest Flies","chest","1","14","125","","","","","","","","","","","","2026-09-06T03:03:33.346Z"
"Workout","2026-09-06","Bench Press Machine","chest","3","6","110","","","","","","","","","","","",""
"Workout","2026-09-06","Bench Press Machine","chest","2","10","100","","","","","","","","","","","",""
"Workout","2026-09-06","Bench Press Machine","chest","1","12","80","","","","","","","","","","","","2026-09-06T02:56:40.791Z"
"Workout","2026-09-06","Face Pull","shoulders","3","13","57.5","","","","","","","","","","","",""
"Workout","2026-09-06","Face Pull","shoulders","2","17","50","","","","","","","","","","","",""
"Workout","2026-09-06","Face Pull","shoulders","1","20","40","","","","","","","","","","","","2026-09-06T02:46:09.467Z"
"Nutrition","2026-09-05","Snack","Snack","","","","","","","178","2","47","","36","","40g Dates; .75serving Banana","","2026-09-05T13:27:48.462Z"
"Nutrition","2026-09-05","Dinner","Dinner","","","","","","","125","3","30","","25","","250ml Carrot Orange Juice","","2026-09-05T12:02:34.281Z"
"Nutrition","2026-09-05","Dinner","Dinner","","","","","","","402","18","50","16","4","","175g Nasi Goreng; 1serving Boiled Egg","","2026-09-05T12:00:02.294Z"
"Nutrition","2026-09-05","Dinner","Dinner","","","","","","","414","58","","20","","","200g Beef Tenderloin","","2026-09-05T11:59:32.980Z"
"Nutrition","2026-09-05","Snack","Snack","","","","","","","88","","21","","21","","350ml Pocari Sweat","","2026-09-05T09:48:20.730Z"
"Nutrition","2026-09-05","Protein","Protein","","","","","","","320","54","8","3","1","","45g Whey Protein Powder; 20g Collagen Peptides; 5g Chia Seeds; 10g Creatine (5g)","","2026-09-05T09:00:10.985Z"
"Nutrition","2026-09-05","Breakfast","Breakfast","","","","","","","560","22","34","38","","","1serving Brown Butter Scramble","","2026-09-05T08:59:35.995Z"
"Nutrition","2026-09-05","Lunch","Lunch","","","","","","","1036","69","115","34","44","","100g Beef Patty; 100g Chicken Breast; 200g Red Rice; 100g Mango; 80g Avocado; 500ml Coconut Water (250ml)","","2026-09-05T08:59:09.870Z"
"Nutrition","2026-09-05","Snack","Snack","","","","","","","63","","15","","15","","250ml Pocari Sweat","","2026-09-05T02:14:20.709Z"
"Nutrition","2026-09-05","Breakfast","Breakfast","","","","","","","420","8","78","10","13","","1serving Mango Smoothie Bowl","","2026-09-05T02:13:39.015Z"
"Workout","2026-09-05","Sauna","recovery","1","","","","11","11","","","","","","","","","2026-09-05T08:58:57.926Z"
"Workout","2026-09-05","Legs","legs","1","1","","","69","69","440","","","","","103","","","2026-09-05T05:26:44.854Z"
"Workout","2026-09-05","Calf Raises","legs","4","15","60","","","","","","","","","","","",""
"Workout","2026-09-05","Calf Raises","legs","3","15","60","","","","","","","","","","","",""
"Workout","2026-09-05","Calf Raises","legs","2","15","60","","","","","","","","","","","",""
"Workout","2026-09-05","Calf Raises","legs","1","20","40","","","","","","","","","","","","2026-09-05T05:20:13.004Z"
"Workout","2026-09-05","RDLs","legs","4","8","55","","","","","","","","","","","",""
"Workout","2026-09-05","RDLs","legs","3","10","55","","","","","","","","","","","",""
"Workout","2026-09-05","RDLs","legs","2","10","55","","","","","","","","","","","",""
"Workout","2026-09-05","RDLs","legs","1","12","35","","","","","","","","","","","","2026-09-05T05:07:32.888Z"
"Workout","2026-09-05","Leg Press","legs","4","22","82.5","","","","","","","","","","","",""
"Workout","2026-09-05","Leg Press","legs","3","22","67.5","","","","","","","","","","","",""
"Workout","2026-09-05","Leg Press","legs","2","20","52.5","","","","","","","","","","","",""
"Workout","2026-09-05","Leg Press","legs","1","25","37.5","","","","","","","","","","","","2026-09-05T04:54:07.471Z"
"Workout","2026-09-05","Hip Adductors","legs","4","10","50","","","","","","","","","","","",""
"Workout","2026-09-05","Hip Adductors","legs","3","8","57.5","","","","","","","","","","","",""
"Workout","2026-09-05","Hip Adductors","legs","2","13","57.5","","","","","","","","","","","",""
"Workout","2026-09-05","Hip Adductors","legs","1","12","57.5","","","","","","","","","","","","2026-09-05T04:38:01.515Z"
"Workout","2026-09-05","Hip Abductor Machine","legs","4","15","80","","","","","","","","","","","",""
"Workout","2026-09-05","Hip Abductor Machine","legs","3","12","80","","","","","","","","","","","",""
"Workout","2026-09-05","Hip Abductor Machine","legs","2","13","80","","","","","","","","","","","",""
"Workout","2026-09-05","Hip Abductor Machine","legs","1","15","72.5","","","","","","","","","","","","2026-09-05T04:29:45.290Z"
"Nutrition","2026-09-04","Dinner","Dinner","","","","","","","368","16","72","","48","","800ml Coconut Water (250ml)","","2026-09-04T10:44:10.125Z"
"Nutrition","2026-09-04","Dinner","Dinner","","","","","","","1002","53","70","55","11","","1.4serving Beef Burger; 15g Cheddar Cheese; 25g Parmesan Cheese; 25g French Fries","","2026-09-04T10:43:41.526Z"
"Nutrition","2026-09-04","Snack","Snack","","","","","","","185","6","25","6","25","","200ml Milk (Whole); 250ml Pocari Sweat","","2026-09-04T09:03:55.621Z"
"Nutrition","2026-09-04","Lunch","Lunch","","","","","","","1036","69","115","34","44","","100g Beef Patty; 100g Chicken Breast; 200g Red Rice; 100g Mango; 80g Avocado; 500ml Coconut Water (250ml)","","2026-09-04T07:31:17.282Z"
"Nutrition","2026-09-04","Protein","Protein","","","","","","","225","43","6","2","1","","20g Collagen Peptides; 31g Whey Protein Powder; 10g Creatine; 5g Chia Seeds","","2026-09-04T06:30:29.352Z"
"Nutrition","2026-09-04","Breakfast","Breakfast","","","","","","","200","6","32","6","28","","1serving Hot Chocolate","","2026-09-04T03:06:52.758Z"
"Nutrition","2026-09-04","Breakfast","Breakfast","","","","","","","159","2","42","","29","","1serving Banana; 25g Dates","","2026-09-04T03:06:37.138Z"
"Nutrition","2026-09-04","Breakfast","Breakfast","","","","","","","450","20","35","14","2","","1serving Breakfast Burrito","","2026-09-04T03:06:21.211Z"
"Workout","2026-09-04","Ice Bath","recovery","1","","","","2","2","","","","","","","","","2026-09-04T09:20:20.659Z"
"Workout","2026-09-04","Sauna","recovery","1","","","","11","11","","","","","","","","","2026-09-04T07:46:26.441Z"
"Workout","2026-09-04","Pull","back","1","1","","1","10","70","680","","","","","121","","","2026-09-04T05:57:06.112Z"
"Workout","2026-09-04","Abs - Cable Crunches","core","4","15","87.5","","","","","","","","","","","",""
"Workout","2026-09-04","Abs - Cable Crunches","core","3","15","87.5","","","","","","","","","","","",""
"Workout","2026-09-04","Abs - Cable Crunches","core","2","15","87.5","","","","","","","","","","","",""
"Workout","2026-09-04","Abs - Cable Crunches","core","1","20","72.5","","","","","","","","","","","","2026-09-04T05:56:12.933Z"
"Workout","2026-09-04","Plate Side Bends","shoulders","3","10","30","","","","","","","","","","","",""
"Workout","2026-09-04","Plate Side Bends","shoulders","2","10","30","","","","","","","","","","","",""
"Workout","2026-09-04","Plate Side Bends","shoulders","1","10","30","","","","","","","","","","","Reps per side","2026-09-04T05:48:48.932Z"
"Workout","2026-09-04","Hammer Curls","biceps","4","20","16","","","","","","","","","","","",""
"Workout","2026-09-04","Hammer Curls","biceps","3","20","16","","","","","","","","","","","",""
"Workout","2026-09-04","Hammer Curls","biceps","2","20","16","","","","","","","","","","","",""
"Workout","2026-09-04","Hammer Curls","biceps","1","20","16","","","","","","","","","","","","2026-09-04T05:46:48.015Z"
"Workout","2026-09-04","Rear Delt Fly Machine","shoulders","4","8","57.5","","","","","","","","","","","",""
"Workout","2026-09-04","Rear Delt Fly Machine","shoulders","3","7","65","","","","","","","","","","","",""
"Workout","2026-09-04","Rear Delt Fly Machine","shoulders","2","8","65","","","","","","","","","","","",""
"Workout","2026-09-04","Rear Delt Fly Machine","shoulders","1","15","50","","","","","","","","","","","","2026-09-04T05:34:40.877Z"
"Workout","2026-09-04","Incline Dumbbell Curl","biceps","3","12","16","","","","","","","","","","","",""
"Workout","2026-09-04","Incline Dumbbell Curl","biceps","2","10","16","","","","","","","","","","","",""
"Workout","2026-09-04","Incline Dumbbell Curl","biceps","1","8","16","","","","","","","","","","","","2026-09-04T05:27:44.066Z"
"Workout","2026-09-04","Barbell Curls","biceps","3","6","35","","","","","","","","","","","",""
"Workout","2026-09-04","Barbell Curls","biceps","2","7","35","","","","","","","","","","","",""
"Workout","2026-09-04","Barbell Curls","biceps","1","10","20","","","","","","","","","","","","2026-09-04T05:16:59.288Z"
"Workout","2026-09-04","Rows Machine","back","4","6","60","","","","","","","","","","","",""
"Workout","2026-09-04","Rows Machine","back","3","10","52.5","","","","","","","","","","","",""
"Workout","2026-09-04","Rows Machine","back","2","10","52.5","","","","","","","","","","","",""
"Workout","2026-09-04","Rows Machine","back","1","12","45","","","","","","","","","","","","2026-09-04T05:10:18.983Z"
"Workout","2026-09-04","Lat Pulldown","back","3","8","67.5","","","","","","","","","","","",""
"Workout","2026-09-04","Lat Pulldown","back","2","8","67.5","","","","","","","","","","","",""
"Workout","2026-09-04","Lat Pulldown","back","1","6","75","","","","","","","","","","","","2026-09-04T05:03:48.746Z"
"Workout","2026-09-04","Pull-ups","back","3","8","","","","","","","","","","","","",""
"Workout","2026-09-04","Pull-ups","back","2","12","","","","","","","","","","","","",""
"Workout","2026-09-04","Pull-ups","back","1","12","","","","","","","","","","","","","2026-09-04T04:56:30.798Z"
"Nutrition","2026-09-03","Dinner","Dinner","","","","","","","750","40","85","40","","","500g Tiflis","","2026-09-04T03:08:28.102Z"
"Nutrition","2026-09-03","Protein","Protein","","","","","","","201","42","4","1","1","","31g Whey Protein Powder; 20g Collagen Peptides; 10g Creatine","","2026-09-03T08:16:13.358Z"
"Nutrition","2026-09-03","Lunch","Lunch","","","","","","","230","10","45","","30","","500ml Coconut Water (250ml)","","2026-09-03T08:15:45.230Z"
"Nutrition","2026-09-03","Lunch","Lunch","","","","","","","500","30","60","10","","","1serving Meatzza","","2026-09-03T08:15:16.401Z"
"Nutrition","2026-09-03","Breakfast","Breakfast","","","","","","","310","7","20","11","","","1serving Caramel Frappe Latte","","2026-09-03T03:19:47.762Z"
"Nutrition","2026-09-03","Breakfast","Breakfast","","","","","","","420","8","78","10","13","","1serving Mango Smoothie Bowl","","2026-09-03T03:19:20.661Z"
"Nutrition","2026-09-03","Breakfast","Breakfast","","","","","","","560","22","34","38","","","1serving Brown Butter Scramble","","2026-09-03T03:18:58.137Z"
"Workout","2026-09-03","Sauna","recovery","1","","","","11","11","","","","","","","","","2026-09-03T06:56:47.847Z"
"Workout","2026-09-03","Push","chest","1","1","","1","23","83","923","","","","","133","","","2026-09-03T05:25:19.640Z"
"Workout","2026-09-03","Preacher Curls","biceps","3","8","30","","","","","","","","","","","",""
"Workout","2026-09-03","Preacher Curls","biceps","2","10","30","","","","","","","","","","","",""
"Workout","2026-09-03","Preacher Curls","biceps","1","10","30","","","","","","","","","","","","2026-09-03T05:24:06.428Z"
"Workout","2026-09-03","Tricep Dips","triceps","2","8","","","","","","","","","","","","",""
"Workout","2026-09-03","Tricep Dips","triceps","1","10","","","","","","","","","","","","","2026-09-03T05:19:57.881Z"
"Workout","2026-09-03","Abs","core","3","10","","","","","","","","","","","","",""
"Workout","2026-09-03","Abs","core","2","10","10","","","","","","","","","","","",""
"Workout","2026-09-03","Abs","core","1","10","10","","","","","","","","","","","","2026-09-03T05:19:39.472Z"
"Workout","2026-09-03","Abs","core","4","10","","","","","","","","","","","","",""
"Workout","2026-09-03","Abs","core","3","10","","","","","","","","","","","","",""
"Workout","2026-09-03","Abs","core","2","10","","","","","","","","","","","","",""
"Workout","2026-09-03","Abs","core","1","10","","","","","","","","","","","","","2026-09-03T05:05:01.739Z"
"Workout","2026-09-03","Shoulder Flies","shoulders","3","10","10","","","","","","","","","","","",""
"Workout","2026-09-03","Shoulder Flies","shoulders","2","10","10","","","","","","","","","","","",""
"Workout","2026-09-03","Shoulder Flies","shoulders","1","10","10","","","","","","","","","","","","2026-09-03T04:57:28.136Z"
"Workout","2026-09-03","Shoulder Press Machine","shoulders","2","3","60","","","","","","","","","","","",""
"Workout","2026-09-03","Shoulder Press Machine","shoulders","1","6","60","","","","","","","","","","","","2026-09-03T04:51:49.453Z"
"Workout","2026-09-03","Shoulder Press Machine","shoulders","3","5","60","","","","","","","","","","","",""
"Workout","2026-09-03","Shoulder Press Machine","shoulders","2","6","60","","","","","","","","","","","",""
"Workout","2026-09-03","Shoulder Press Machine","shoulders","1","12","40","","","","","","","","","","","","2026-09-03T04:47:40.329Z"
"Workout","2026-09-03","Fly Machine","chest","3","7","87.5","","","","","","","","","","","",""
"Workout","2026-09-03","Fly Machine","chest","2","9","87.5","","","","","","","","","","","",""
"Workout","2026-09-03","Fly Machine","chest","1","12","80","","","","","","","","","","","","2026-09-03T04:37:09.141Z"
"Workout","2026-09-03","Standing Chest Flies","chest","3","12","125","","","","","","","","","","","",""
"Workout","2026-09-03","Standing Chest Flies","chest","2","12","125","","","","","","","","","","","",""
"Workout","2026-09-03","Standing Chest Flies","chest","1","12","117","","","","","","","","","","","","2026-09-03T04:28:22.508Z"
"Workout","2026-09-03","Bench Press Machine","chest","3","6","100","","","","","","","","","","","",""
"Workout","2026-09-03","Bench Press Machine","chest","2","10","100","","","","","","","","","","","",""
"Workout","2026-09-03","Bench Press Machine","chest","1","12","80","","","","","","","","","","","","2026-09-03T04:22:38.673Z"
"Workout","2026-09-03","Incline Press","chest","4","6","120","","","","","","","","","","","",""
"Workout","2026-09-03","Incline Press","chest","3","15","100","","","","","","","","","","","",""
"Workout","2026-09-03","Incline Press","chest","2","15","80","","","","","","","","","","","",""
"Workout","2026-09-03","Incline Press","chest","1","20","40","","","","","","","","","","","","2026-09-03T04:06:41.601Z"
"Nutrition","2026-08-28","Breakfast","Breakfast","","","","","","","80","18","2","","","","1serving Americano; 20g Collagen Peptides","","2026-08-28T17:07:18.197Z"
"Nutrition","2026-08-28","Breakfast","Breakfast","","","","","","","161","7","24","5","20","","1serving Boiled Egg; 30g Dates","","2026-08-28T17:07:01.409Z"
"Nutrition","2026-08-28","Breakfast","Breakfast","","","","","","","463","23","72","8","40","","100g Greek Yogurt (Plain); 30g Granola; 30g Blueberries; 500ml Coconut Water (250ml)","","2026-08-28T17:06:30.686Z"
"Nutrition","2026-08-27","Breakfast","Breakfast","","","","","","","246","26","28","3","20","","20g Collagen Peptides; 100ml Milk (Whole); 250ml Coconut Water (250ml)","","2026-08-28T05:24:56.309Z"
"Nutrition","2026-08-27","Protein","Protein","","","","","","","160","30","4","3","1","","325ml Premier Protein","","2026-08-28T05:24:06.821Z"
"Nutrition","2026-08-27","Dinner","Dinner","","","","","","","1500","75","150","60","","","1serving DTF","","2026-08-28T05:19:57.566Z"
"Nutrition","2026-08-27","Lunch","Lunch","","","","","","","805","38","81","","","","1serving Panda Express","","2026-08-27T21:33:34.389Z"
"Nutrition","2026-08-27","Breakfast","Breakfast","","","","","","","168","7","24","5","12","","1serving Banana; 1serving Boiled Egg","","2026-08-27T21:33:24.748Z"
"Nutrition","2026-08-27","Breakfast","Breakfast","","","","","","","350","15","45","12","12","","100g Grilled Salmon; 1serving Pancakes (2)","","2026-08-27T21:25:49.083Z"
"Nutrition","2026-08-27","Lunch","Lunch","","","","","","","340","12","75","","57","","40g Dates; 500ml Coconut Water (250ml)","","2026-08-27T21:25:13.507Z"
"Nutrition","2026-08-27","Lunch","Lunch","","","","","","","498","32","72","8","40","","100g Greek Yogurt (Plain); 30g Granola; 30g Blueberries; 500ml Coconut Water (250ml)","","2026-08-27T21:24:47.913Z"
"Workout","2026-08-27","Pickleball","pickleball","1","","","1","51","111","1077","","","","","120","","","2026-08-28T05:22:33.597Z"
"Nutrition","2026-08-26","Protein","Protein","","","","","","","160","30","4","3","1","","325ml Premier Protein","","2026-08-27T05:29:04.855Z"
"Nutrition","2026-08-26","Snack","Snack","","","","","","","83","1","23","","20","","30g Dates","","2026-08-27T04:33:40.966Z"
"Nutrition","2026-08-26","Dinner","Dinner","","","","","","","600","46","62","18","41","","227g Chicken Tikka Masala; 500ml Coconut Water (250ml)","","2026-08-27T03:35:27.750Z"
"Nutrition","2026-08-26","Breakfast","Breakfast","","","","","","","236","22","31","3","28","","20g Collagen Peptides; 1serving Americano; 1serving Cappuccino; 25g Honey","","2026-08-26T23:47:11.172Z"
"Nutrition","2026-08-26","Dinner","Dinner","","","","","","","498","32","72","8","40","","100g Greek Yogurt (Plain); 30g Granola; 30g Blueberries; 500ml Coconut Water (250ml)","","2026-08-26T23:46:37.153Z"
"Nutrition","2026-08-26","Breakfast","Breakfast","","","","","","","650","26","69","18","18","","100g Grilled Salmon; 1.5serving Pancakes (2)","","2026-08-26T23:45:02.251Z"
"Nutrition","2026-08-26","Lunch","Lunch","","","","","","","465","33","12","33","6","","1.5serving Cobb Salad","","2026-08-26T23:45:53.712Z"
"Nutrition","2026-08-26","Breakfast","Breakfast","","","","","","","196","7","32","5","19","","1serving Boiled Egg; 1serving Banana; 10g Dates","","2026-08-26T19:07:53.611Z"
"Workout","2026-08-26","Outdoor Walk","recovery","1","","","","60","60","","","","","","","","3 miles","2026-08-28T20:14:24.279Z"
"Nutrition","2026-08-25","Protein","Protein","","","","","","","160","30","4","3","1","","325ml Premier Protein","","2026-08-26T07:51:53.711Z"
"Nutrition","2026-08-25","Dinner","Dinner","","","","","","","829","46","103","26","3","","130g Tortilla (Flour); 100g Chicken Breast; 50g White Rice (Cooked); 80g Guacamole; 70g Black Beans (Cooked)","","2026-08-26T01:24:20.992Z"
"Nutrition","2026-08-25","Lunch","Lunch","","","","","","","1122","71","127","36","45","","1serving Boiled Egg; 1serving Banana; 500ml Coconut Water (250ml); 100g Ciabatta; 30g Ham; 100g Chicken Breast; 50g Avocado; 50g Cheddar Cheese","","2026-08-26T01:22:33.481Z"
"Nutrition","2026-08-25","Breakfast","Breakfast","","","","","","","160","30","4","3","1","","325ml Premier Protein","","2026-08-25T17:35:36.072Z"
"Nutrition","2026-08-25","Breakfast","Breakfast","","","","","","","481","18","92","5","62","","1serving Banana; 30g Dates; 1serving Boiled Egg; 500ml Coconut Water (250ml)","","2026-08-25T17:35:00.470Z"
"Workout","2026-08-25","Arms","biceps","1","1","","","49","49","306","","","","","102","","4th St Gym","2026-08-25T17:10:32.708Z"
"Workout","2026-08-25","Wall Squat","legs","3","10","10","","","","","","","","","","","",""
"Workout","2026-08-25","Wall Squat","legs","2","10","10","","","","","","","","","","","",""
"Workout","2026-08-25","Wall Squat","legs","1","10","","","3","3","","","","","","","","","2026-08-25T17:08:03.892Z"
"Workout","2026-08-25","Overhead Tricep Extension","triceps","3","13","24","","","","","","","","","","","",""
"Workout","2026-08-25","Overhead Tricep Extension","triceps","2","17","21","","","","","","","","","","","",""
"Workout","2026-08-25","Overhead Tricep Extension","triceps","1","20","18","","","","","","","","","","","4th St Gym","2026-08-25T17:06:54.098Z"
"Workout","2026-08-25","Incline Dumbbell Curl","biceps","3","20","16","","","","","","","","","","","",""
"Workout","2026-08-25","Incline Dumbbell Curl","biceps","2","20","16","","","","","","","","","","","",""
"Workout","2026-08-25","Incline Dumbbell Curl","biceps","1","18","16","","","","","","","","","","","","2026-08-25T17:06:08.748Z"
"Workout","2026-08-25","Lunges","legs","4","15","10","","","","","","","","","","","",""
"Workout","2026-08-25","Lunges","legs","3","15","5","","","","","","","","","","","",""
"Workout","2026-08-25","Lunges","legs","2","15","","","","","","","","","","","","",""
"Workout","2026-08-25","Lunges","legs","1","15","","","","","","","","","","","","4th St Gym","2026-08-25T16:46:28.342Z"
"Workout","2026-08-25","Tricep Pulldowns","triceps","4","20","18","","","","","","","","","","","",""
"Workout","2026-08-25","Tricep Pulldowns","triceps","3","20","18","","","","","","","","","","","",""
"Workout","2026-08-25","Tricep Pulldowns","triceps","2","20","18","","","","","","","","","","","",""
"Workout","2026-08-25","Tricep Pulldowns","triceps","1","20","14","","","","","","","","","","","4th St Gym","2026-08-25T16:45:59.151Z"
"Workout","2026-08-25","Hammer Curls","biceps","4","12","22","","","","","","","","","","","",""
"Workout","2026-08-25","Hammer Curls","biceps","3","16","20","","","","","","","","","","","",""
"Workout","2026-08-25","Hammer Curls","biceps","2","20","18","","","","","","","","","","","",""
"Workout","2026-08-25","Hammer Curls","biceps","1","20","16","","","","","","","","","","","4th St Gym","2026-08-25T16:41:16.104Z"
"Workout","2026-08-25","Abs","core","1","15","","","11","11","64","","","","","92","","","2026-08-25T16:16:17.061Z"
"Nutrition","2026-08-24","Snack","Snack","","","","","","","181","6","7","16","4","","80ml Milk (Whole); 20g Walnuts","","2026-08-25T05:42:20.920Z"
"Nutrition","2026-08-24","Protein","Protein","","","","","","","160","30","5","3","1","","325ml Premier Protein","","2026-08-25T04:04:24.417Z"
"Nutrition","2026-08-24","Dinner","Dinner","","","","","","","699","52","48","31","16","","250g Salmon Poke Bowl; 80g White Rice (Cooked); 50g Caesar Salad; 250ml Coconut Water (250ml)","","2026-08-25T04:02:50.708Z"
"Nutrition","2026-08-24","Snack","Snack","","","","","","","345","15","68","","45","","750ml Coconut Water (250ml)","","2026-08-25T00:25:36.862Z"
"Nutrition","2026-08-24","Lunch","Lunch","","","","","","","900","30","80","45","","","1serving Fat Sals","","2026-08-25T00:25:07.942Z"
"Nutrition","2026-08-24","Lunch","Lunch","","","","","","","900","30","80","45","","","1serving Fat Sals","","2026-08-24T19:22:25.368Z"
"Nutrition","2026-08-24","Breakfast","Breakfast","","","","","","","45","1","10","","9","","1serving Orange Juice","","2026-08-24T19:21:42.362Z"
"Nutrition","2026-08-24","Breakfast","Breakfast","","","","","","","292","15","28","13","9","",".5serving Croissant; .8serving Americano; 75ml Milk (Whole); 10g Collagen Peptides","","2026-08-24T19:21:28.197Z"
"Nutrition","2026-08-24","Breakfast","Breakfast","","","","","","","295","7","69","","39","","2serving Banana; 250ml Coconut Water (250ml)","","2026-08-24T16:02:24.249Z"
"Workout","2026-08-24","PT - Meniscus","legs","1","1","","","15","15","100","","","","","112","","","2026-08-24T22:16:01.144Z"
"Workout","2026-08-24","Shoulders","shoulders","1","1","","","40","40","339","","","","","112","","","2026-08-24T22:15:39.008Z"
"Workout","2026-08-24","Cable Fly","shoulders","3","10","15","","","","","","","","","","","",""
"Workout","2026-08-24","Cable Fly","shoulders","2","10","15","","","","","","","","","","","",""
"Workout","2026-08-24","Cable Fly","shoulders","1","12","10","","","","","","","","","","","","2026-08-24T22:15:07.858Z"
"Workout","2026-08-24","Shoulder Flies Dumbbells","shoulders","3","15","9","","","","","","","","","","","",""
"Workout","2026-08-24","Shoulder Flies Dumbbells","shoulders","2","15","9","","","","","","","","","","","",""
"Workout","2026-08-24","Shoulder Flies Dumbbells","shoulders","1","20","7","","","","","","","","","","","","2026-08-24T21:59:08.204Z"
"Workout","2026-08-24","Shoulder Shrugs","shoulders","3","20","27","","","","","","","","","","","",""
"Workout","2026-08-24","Shoulder Shrugs","shoulders","2","20","27","","","","","","","","","","","",""
"Workout","2026-08-24","Shoulder Shrugs","shoulders","1","10","27","","","","","","","","","","","4th St Gym","2026-08-24T21:44:59.579Z"
"Workout","2026-08-24","RDLs","legs","3","12","45","","","","","","","","","","","",""
"Workout","2026-08-24","RDLs","legs","2","12","45","","","","","","","","","","","",""
"Workout","2026-08-24","RDLs","legs","1","15","27","","","","","","","","","","","","2026-08-24T21:36:19.580Z"
"Workout","2026-08-24","Arnold Dumbbell Press","shoulders","3","12","16","","","","","","","","","","","",""
"Workout","2026-08-24","Arnold Dumbbell Press","shoulders","2","10","16","","","","","","","","","","","",""
"Workout","2026-08-24","Arnold Dumbbell Press","shoulders","1","20","11","","","","","","","","","","","4th St Gym","2026-08-24T21:30:35.061Z"
"Workout","2026-08-24","Abs","core","12","10","","","","","","","","","","","","",""
"Workout","2026-08-24","Abs","core","11","10","","","","","","","","","","","","",""
"Workout","2026-08-24","Abs","core","10","10","","","","","","","","","","","","",""
"Workout","2026-08-24","Abs","core","9","20","10","","","","","","","","","","","",""
"Workout","2026-08-24","Abs","core","8","20","10","","","","","","","","","","","",""
"Workout","2026-08-24","Abs","core","7","20","","","","","","","","","","","","",""
"Workout","2026-08-24","Abs","core","6","30","10","","","","","","","","","","","",""
"Workout","2026-08-24","Abs","core","5","30","10","","","","","","","","","","","",""
"Workout","2026-08-24","Abs","core","4","30","","","","","","","","","","","","",""
"Workout","2026-08-24","Abs","core","3","20","","","","","","","","","","","","",""
"Workout","2026-08-24","Abs","core","2","20","10","","","","","","","","","","","",""
"Workout","2026-08-24","Abs","core","1","20","10","10","","600","66","","","","","","","","2026-08-24T21:19:28.676Z"
"Nutrition","2026-08-23","Dinner","Dinner","","","","","","","498","32","72","8","40","","100g Greek Yogurt (Plain); 30g Granola; 30g Blueberries; 10g Collagen Peptides; 500ml Coconut Water (250ml)","","2026-08-24T16:03:28.231Z"
"Nutrition","2026-08-23","Dinner","Dinner","","","","","","","360","6","63","13","46","","1serving Banana; 50g Dates; 20g Walnuts","","2026-08-24T03:56:58.893Z"
"Nutrition","2026-08-23","Lunch","Lunch","","","","","","","450","5","50","11","","","150g Yogurtland","","2026-08-24T03:55:39.789Z"
"Nutrition","2026-08-23","Lunch","Lunch","","","","","","","850","48","90","30","","","1serving Kazunori","","2026-08-24T03:53:27.512Z"
"Nutrition","2026-08-23","Lunch","Lunch","","","","","","","145","2","38","","25","","1serving Banana; 20g Dates","","2026-08-24T03:53:57.802Z"
"Nutrition","2026-08-23","Breakfast","Breakfast","","","","","","","246","26","28","3","20","","20g Collagen Peptides; 100ml Milk (Whole); 250ml Coconut Water (250ml)","","2026-08-23T20:02:14.325Z"
"Nutrition","2026-08-23","Breakfast","Breakfast","","","","","","","1000","40","150","43","","","1serving McDonalds","","2026-08-23T20:01:28.599Z"
"Nutrition","2026-08-22","Snack","Snack","","","","","","","138","2","38","","34","","50g Dates","","2026-08-22T20:23:22.380Z"
"Nutrition","2026-08-22","Breakfast","Breakfast","","","","","","","594","17","135","","90","","2serving Banana; 40g Dates; 660ml Coconut Water (250ml)","","2026-08-22T19:17:51.131Z"
"Nutrition","2026-08-22","Breakfast","Breakfast","","","","","","","808","49","53","45","5","","1serving Bagel; 1serving Scrambled Eggs (2); 50g Bacon; 50g Spinach; 25g Cheddar Cheese","","2026-08-22T19:17:22.370Z"
"Workout","2026-08-22","Pickleball","pickleball","1","","","1","15","75","","","","","","","","","2026-08-23T17:42:21.927Z"
"Nutrition","2026-08-21","Snack","Snack","","","","","","","1045","16","104","","80","","60g Dates; 660ml Coconut Water (250ml); 6serving Vodka (1 shot)","","2026-08-22T19:17:07.619Z"
"Nutrition","2026-08-21","Dinner","Dinner","","","","","","","805","38","81","","","","1serving Panda Express","","2026-08-22T19:16:06.425Z"
"Nutrition","2026-08-21","Lunch","Lunch","","","","","","","800","50","70","45","","","1serving Reuben","","2026-08-22T19:15:07.156Z"
"Nutrition","2026-08-21","Breakfast","Breakfast","","","","","","","990","39","145","30","73","","1serving Scrambled Eggs (2); 2serving French Toast; 2serving Banana; 330ml Coconut Water (250ml); 20g Collagen Powder; 20g Blueberries","","2026-08-21T16:54:45.513Z"
"Nutrition","2026-08-20","Dinner","Dinner","","","","","","","1738","64","161","45","17","","2serving Seafood Pasta (White Sauce); 1serving Clam Chowder; 80g Calamari (Fried); 30g Ice Cream (Chocolate); 450ml Beer (350ml Regular)","","2026-08-21T16:54:18.489Z"
"Nutrition","2026-08-20","Snack","Snack","","","","","","","467","7","43","","29","","330ml Coconut Water (250ml); 10g Dates; 300ml Champagne (150ml)","","2026-08-21T16:53:04.296Z"
"Nutrition","2026-08-20","Lunch","Lunch","","","","","","","800","50","70","45","","","1serving Reuben","","2026-08-21T16:52:19.452Z"
"Nutrition","2026-08-20","Breakfast","Breakfast","","","","","","","866","46","105","30","50","","1serving Scrambled Eggs (2); 10g Cheddar Cheese; 60g Croissant; 20g Collagen Peptides; 2serving Banana; 330ml Coconut Water (250ml)","","2026-08-21T16:51:03.758Z"
"Nutrition","2026-08-19","Breakfast","Breakfast","","","","","","","332","9","76","","44","","2serving Banana; 330ml Coconut Water (250ml)","","2026-08-20T15:39:18.253Z"
"Nutrition","2026-08-19","Snack","Snack","","","","","","","256","8","31","11","23","","35g Cookie Dough; 200ml Milk (2%)","","2026-08-20T15:59:55.144Z"
"Nutrition","2026-08-19","Dinner","Dinner","","","","","","","1363","97","106","37","40","","15oz Grass-fed Tenderloin; 50g French Fries; 2serving Beer (350ml Regular); 660ml Coconut Water (250ml)","","2026-08-20T15:59:20.897Z"
"Nutrition","2026-08-19","Lunch","Lunch","","","","","","","1085","63","152","26","46","","2serving Chicken Burrito; 50g Avocado; 660ml Coconut Water (250ml)","","2026-08-20T15:58:20.151Z"
"Nutrition","2026-08-19","Breakfast","Breakfast","","","","","","","393","33","38","13","14","","100g Greek Yogurt (Plain); 50g Blueberries; 50g Strawberries; 20g Collagen Peptides; 50g Croissant","","2026-08-20T15:57:28.601Z"
"Nutrition","2026-08-18","Snack","Snack","","","","","","","395","14","59","11","42","","330ml Coconut Water (250ml); 32g Cookie Dough; 200ml Milk (2%)","","2026-08-19T06:10:15.667Z"
"Nutrition","2026-08-18","Dinner","Dinner","","","","","","","750","50","85","25","","","450g Papardelle","","2026-08-19T06:09:34.496Z"
"Nutrition","2026-08-18","Snack","Snack","","","","","","","242","8","53","","32","","330ml Coconut Water (250ml); 1serving Banana","","2026-08-18T23:27:14.071Z"
"Nutrition","2026-08-18","Protein","Protein","","","","","","","213","43","7","2","2","","50g Whey Protein Powder; 5g Collagen Peptides","","2026-08-18T23:26:43.725Z"
"Nutrition","2026-08-18","Lunch","Lunch","","","","","","","710","50","75","22","","","1serving Chicken Philly","","2026-08-18T23:26:20.394Z"
"Nutrition","2026-08-18","Breakfast","Breakfast","","","","","","","83","1","23","","20","","30g Dates","","2026-08-18T19:29:45.857Z"
"Nutrition","2026-08-18","Breakfast","Breakfast","","","","","","","866","46","105","30","50","","1serving Scrambled Eggs (2); 10g Cheddar Cheese; 60g Croissant; 20g Collagen Peptides; 2serving Banana; 330ml Coconut Water (250ml)","","2026-08-18T18:44:59.211Z"
"Workout","2026-08-18","Outdoor Cycle","cardio","1","","","1","3","63","746","","","","","136","","15.5 miles","2026-08-18T23:24:46.955Z"
"Nutrition","2026-08-17","Breakfast","Breakfast","","","","","","","836","40","94","35","34","","1serving Scrambled Eggs (2); 100g Croissant; 20g Collagen Peptides; 2serving Banana","","2026-08-18T05:42:02.242Z"
"Nutrition","2026-08-17","Lunch","Lunch","","","","","","","952","62","74","44","8","","1.5serving Chicken Sandwich; 50g Bacon; 50g French Fries","","2026-08-18T05:42:46.830Z"
"Nutrition","2026-08-17","Protein","Protein","","","","","","","278","56","8","2","2","","64g Whey Protein Powder; 8g Collagen Peptides","","2026-08-18T05:43:20.526Z"
"Nutrition","2026-08-17","Dinner","Dinner","","","","","","","1074","66","108","43","9","","3serving Seafood Pasta (White Sauce); 50g Tuna Sashimi","","2026-08-18T05:44:07.326Z"
"Nutrition","2026-08-17","Snack","Snack","","","","","","","308","8","51","7","33","","330ml Coconut Water; 35g Cookie Dough","","2026-08-18T05:44:47.503Z"
"Workout","2026-08-17","RDLs","legs","2","12","58","","","","","","","","","","","",""
"Workout","2026-08-17","RDLs","legs","1","12","48","","","","","","","","","","","","2026-08-17T23:54:08.496Z"
"Workout","2026-08-17","Incline Dumbbell Curl","biceps","3","14","16","","","","","","","","","","","",""
"Workout","2026-08-17","Incline Dumbbell Curl","biceps","2","18","16","","","","","","","","","","","",""
"Workout","2026-08-17","Incline Dumbbell Curl","biceps","1","18","16","","","","","","","","","","","Spanish Bay Gym","2026-08-17T23:48:43.232Z"
"Workout","2026-08-17","Leg Press","legs","5","25","100","","","","","","","","","","","",""
"Workout","2026-08-17","Leg Press","legs","4","25","109","","","","","","","","","","","",""
"Workout","2026-08-17","Leg Press","legs","3","25","90","","","","","","","","","","","",""
"Workout","2026-08-17","Leg Press","legs","2","20","72","","","","","","","","","","","",""
"Workout","2026-08-17","Leg Press","legs","1","25","45","","","","","","","","","","","Spanish Bay. Meniscus","2026-08-17T23:47:57.696Z"
"Workout","2026-08-17","Cable Fly","shoulders","3","16","7.9","","","","","","","","","","","",""
"Workout","2026-08-17","Cable Fly","shoulders","2","16","7.9","","","","","","","","","","","",""
"Workout","2026-08-17","Cable Fly","shoulders","1","20","5.7","","","","","","","","","","","","2026-08-17T23:24:21.507Z"
"Workout","2026-08-17","Hammer Curls","biceps","3","20","20.4","","","","","","","","","","","",""
"Workout","2026-08-17","Hammer Curls","biceps","2","20","18","","","","","","","","","","","",""
"Workout","2026-08-17","Hammer Curls","biceps","1","20","16","","","","","","","","","","","","2026-08-17T23:20:43.983Z"
"Workout","2026-08-17","Face Pull","shoulders","3","17","24","","","","","","","","","","","",""
"Workout","2026-08-17","Face Pull","shoulders","2","15","22","","","","","","","","","","","",""
"Workout","2026-08-17","Face Pull","shoulders","1","15","17","","","","","","","","","","","Spanish Bay Gyn","2026-08-17T23:07:23.826Z"
"Workout","2026-08-17","Dumbbell Rows","back","3","10","27","","","","","","","","","","","",""
"Workout","2026-08-17","Dumbbell Rows","back","2","10","27","","","","","","","","","","","",""
"Workout","2026-08-17","Dumbbell Rows","back","1","10","27","","","","","","","","","","","","2026-08-17T23:05:13.753Z"
"Workout","2026-08-17","Pull-ups","back","3","10","","","","","","","","","","","","",""
"Workout","2026-08-17","Pull-ups","back","2","12","","","","","","","","","","","","",""
"Workout","2026-08-17","Pull-ups","back","1","12","","","","","","","","","","","","","2026-08-17T23:01:48.073Z"
"Workout","2026-08-15","Pickleball","pickleball","1","","","2","18","138","1295","","","","","120","","","2026-08-15T19:19:42.844Z"
"Workout","2026-08-14","Outdoor Cycle","cardio","1","","","","47","47","518","","","","","141","","","2026-08-14T23:27:52.284Z"
"Workout","2026-08-14","Pickleball","pickleball","1","","","2","42","162","1290","","","","","110","","","2026-08-14T23:27:05.197Z"
"Nutrition","2026-08-13","Breakfast","Breakfast","","","","","","","990","39","145","30","73","","1serving Scrambled Eggs (2); 2serving French Toast; 2serving Banana; 330ml Coconut Water (250ml); 20g Collagen Powder; 20g Blueberries","","2026-08-13T20:24:34.494Z"
"Nutrition","2026-08-12","Snack","Snack","","","","","","","399","16","6","23","1","","50g Blue Cheese; 25g Salami; 1serving White Wine (150ml)","","2026-08-13T06:15:31.713Z"
"Nutrition","2026-08-12","Snack","Snack","","","","","","","331","8","7","33","1","","50g Walnuts","","2026-08-13T05:55:53.587Z"
"Nutrition","2026-08-12","Dinner","Dinner","","","","","","","1031","53","118","41","28","","2serving Clam Chowder; 200g Ravioli (Cheese); 100g Calamari (Fried); 25g M&Ms","","2026-08-13T05:55:01.600Z"
"Nutrition","2026-08-12","Lunch","Lunch","","","","","","","1220","55","206","21","77","","1serving Banana; 2serving Fish Tacos (2); 75g Pinto Beans (Cooked); 70g Basmati Rice (Cooked); 330ml Coconut Water (250ml); 1serving Banana; 40g Dates","","2026-08-13T05:54:06.139Z"
"Nutrition","2026-08-12","Breakfast","Breakfast","","","","","","","456","37","25","24","12","","1serving Scrambled Eggs (2); 25g Sausage (Pork); 10g Cheddar Cheese; 20g Collagen Peptides; 1serving Banana","","2026-08-13T05:52:34.676Z"
"Nutrition","2026-08-11","Lunch","Lunch","","","","","","","1300","50","150","79","","","1serving McDonald’s","","2026-08-12T06:46:53.329Z"
"Nutrition","2026-08-11","Dinner","Dinner","","","","","","","1163","53","170","15","12","","300g Tuna Sushi Roll; 300g Salmon Sushi Roll; 2serving Beer (350ml Regular)","","2026-08-12T06:47:40.020Z"
"Nutrition","2026-08-11","Snack","Snack","","","","","","","735","24","165","","127","","100g Dates; 1000ml Coconut Water (250ml)","","2026-08-12T06:48:10.058Z"
"Nutrition","2026-08-11","Breakfast","Breakfast","","","","","","","808","49","53","45","5","","1serving Bagel; 1serving Scrambled Eggs (2); 50g Bacon; 50g Spinach; 25g Cheddar Cheese","","2026-08-12T06:45:12.598Z"
"Nutrition","2026-08-11","Breakfast","Breakfast","","","","","","","495","34","76","8","35","","100g Greek Yogurt (Plain); 20g Collagen Peptides; 50g Blueberries; 30g Granola; 2serving Banana","","2026-08-12T06:44:31.824Z"
"Nutrition","2026-08-10","Breakfast","Breakfast","","","","","","","230","10","45","","30","","500ml Coconut Water (250ml)","","2026-08-11T06:21:45.948Z"
"Nutrition","2026-08-10","Dinner","Dinner","","","","","","","894","39","96","42","12","","3serving Pepperoni Pizza","","2026-08-11T06:21:17.488Z"
"Nutrition","2026-08-10","Lunch","Lunch","","","","","","","165","2","45","","40","","60g Dates","","2026-08-10T22:05:09.553Z"
"Nutrition","2026-08-10","Lunch","Lunch","","","","","","","700","40","65","","","","1serving Cava Bowl","","2026-08-10T23:58:13.177Z"
"Nutrition","2026-08-10","Dinner","Dinner","","","","","","","400","20","40","30","","",".3serving Fat Sals","","2026-08-10T20:20:08.315Z"
"Nutrition","2026-08-10","Breakfast","Breakfast","","","","","","","495","34","76","8","35","","100g Greek Yogurt (Plain); 20g Collagen Peptides; 50g Blueberries; 30g Granola; 2serving Banana","","2026-08-10T20:19:10.946Z"
"Nutrition","2026-08-09","Snack","Snack","","","","","","","157","15","10","6","10","","200ml Milk (Whole); 10g Collagen Peptides","","2026-08-10T04:32:04.922Z"
"Nutrition","2026-08-09","Dinner","Dinner","","","","","","","1250","60","120","88","","","1serving Fat Sals","","2026-08-10T04:31:32.426Z"
"Nutrition","2026-08-09","Lunch","Lunch","","","","","","","995","60","168","17","14","","3serving Salmon Sushi Roll; 4serving Tuna Sushi Roll","","2026-08-10T04:30:07.722Z"
"Nutrition","2026-08-09","Breakfast","Breakfast","","","","","","","571","31","75","18","33","","1.5serving Boiled Eggs (2); 50g Multigrain Bread; 1serving Banana; 3serving Coconut Water (250ml)","","2026-08-10T04:28:41.221Z"
"Workout","2026-08-09","Leg Press","legs","5","20","59","","","","","","","","","","","",""
"Workout","2026-08-09","Leg Press","legs","4","20","52","","","","","","","","","","","",""
"Workout","2026-08-09","Leg Press","legs","3","20","45","","","","","","","","","","","",""
"Workout","2026-08-09","Leg Press","legs","2","20","39","","","","","","","","","","","",""
"Workout","2026-08-09","Leg Press","legs","1","20","25","","","","","","","","","","","Equinox. Meniscus","2026-08-09T21:50:15.055Z"
"Workout","2026-08-09","Fly Machine","chest","3","10","86","","","","","","","","","","","",""
"Workout","2026-08-09","Fly Machine","chest","2","12","86","","","","","","","","","","","",""
"Workout","2026-08-09","Fly Machine","chest","1","12","86","","","","","","","","","","","YMCA","2026-08-09T21:39:02.313Z"
"Workout","2026-08-09","Hip Adductors","legs","4","10","88","","","","","","","","","","","",""
"Workout","2026-08-09","Hip Adductors","legs","3","13","88","","","","","","","","","","","",""
"Workout","2026-08-09","Hip Adductors","legs","2","15","86","","","","","","","","","","","",""
"Workout","2026-08-09","Hip Adductors","legs","1","15","79","","","","","","","","","","","Equinox","2026-08-09T21:31:49.526Z"
"Workout","2026-08-09","Hip Abductor Machine","legs","4","12","79","","","","","","","","","","","",""
"Workout","2026-08-09","Hip Abductor Machine","legs","3","15","72.5","","","","","","","","","","","",""
"Workout","2026-08-09","Hip Abductor Machine","legs","2","17","66","","","","","","","","","","","",""
"Workout","2026-08-09","Hip Abductor Machine","legs","1","15","66","","","","","","","","","","","Equinox","2026-08-09T21:24:04.276Z"
"Workout","2026-08-09","Bench Press","chest","4","4","84","","","","","","","","","","","",""
"Workout","2026-08-09","Bench Press","chest","3","5","84","","","","","","","","","","","",""
"Workout","2026-08-09","Bench Press","chest","2","10","79","","","","","","","","","","","",""
"Workout","2026-08-09","Bench Press","chest","1","10","61","","","","","","","","","","","","2026-08-09T21:17:49.009Z"
"Workout","2026-08-09","Abs","core","6","30","12","","","","","","","","","","","",""
"Workout","2026-08-09","Abs","core","5","30","12","","","","","","","","","","","",""
"Workout","2026-08-09","Abs","core","4","30","12","","","","","","","","","","","",""
"Workout","2026-08-09","Abs","core","3","20","12","","","","","","","","","","","",""
"Workout","2026-08-09","Abs","core","2","20","12","","","","","","","","","","","",""
"Workout","2026-08-09","Abs","core","1","20","12","","","","","","","","","","","","2026-08-09T21:06:19.964Z"
"Nutrition","2026-08-08","Dinner","Dinner","","","","","","","1276","51","76","21","10","","100g Grilled Salmon; 200g Seafood Pasta (Red Sauce); 6serving Vodka (1 shot)","","2026-08-10T04:35:16.689Z"
"Nutrition","2026-08-08","Lunch","Lunch","","","","","","","892","54","109","25","37","","75g Steak (Sirloin); 75g Butter Chicken; 50g White Rice (Cooked); 50g Lettuce (Romaine); 30g Corn; 40g Pinto Beans (Cooked); .5serving Tortilla (Flour); 25g Sour Cream; 500ml Coconut Water (250ml)","","2026-08-10T04:33:42.435Z"
"Nutrition","2026-08-08","Breakfast","Breakfast","","","","","","","495","34","76","8","35","","100g Greek Yogurt (Plain); 20g Collagen Peptides; 50g Blueberries; 30g Granola; 2serving Banana","","2026-08-10T04:32:59.045Z"
"Workout","2026-08-08","Pickleball","pickleball","1","","","","88","88","627","","","","","104","","","2026-08-10T18:37:08.584Z"
"Nutrition","2026-08-06","Snack","Snack","","","","","","","318","2","56","11","50","","300ml Gatorade (100ml); .5serving M&Ms","","2026-08-07T06:24:06.886Z"
"Nutrition","2026-08-06","Snack","Snack","","","","","","","250","10","37","7","24","","400ml Coconut Water (250ml); 10g Walnuts","","2026-08-07T06:18:12.676Z"
"Nutrition","2026-08-06","Breakfast","Breakfast","","","","","","","999","9","99","","","","300g Popcorn","","2026-08-07T06:16:55.967Z"
"Nutrition","2026-08-06","Dinner","Dinner","","","","","","","700","40","65","","","","1serving Cava Bowl","","2026-08-07T06:15:02.995Z"
"Nutrition","2026-08-06","Lunch","Lunch","","","","","","","700","47","63","33","","","1serving Philly Cheesesteak","","2026-08-06T19:00:58.419Z"
"Nutrition","2026-08-06","Breakfast","Breakfast","","","","","","","495","34","76","8","35","","100g Greek Yogurt (Plain); 20g Collagen Peptides; 50g Blueberries; 30g Granola; 2serving Banana","","2026-08-06T18:59:11.218Z"
"Nutrition","2026-08-05","Snack","Snack","","","","","","","345","15","68","","45","","750ml Coconut Water (250ml)","","2026-08-06T16:48:17.309Z"
"Nutrition","2026-08-05","Breakfast","Breakfast","","","","","","","462","3","39","","","","3serving Beer (355ml can)","","2026-08-06T16:46:30.581Z"
"Nutrition","2026-08-05","Dinner","Dinner","","","","","","","1236","83","118","46","14","","2serving Fish Tacos (2); 1.5serving Seafood Pasta (Red Sauce); 50g Burrata; 40g Prosciutto","","2026-08-06T16:20:39.096Z"
"Nutrition","2026-08-05","Lunch","Lunch","","","","","","","805","62","59","36","7","","250g Chicken Caesar Salad; .75serving Tortilla (Flour); 30g Caesar Dressing","","2026-08-05T22:56:22.135Z"
"Nutrition","2026-08-05","Breakfast","Breakfast","","","","","","","495","34","76","8","35","","100g Greek Yogurt (Plain); 20g Collagen Peptides; 50g Blueberries; 30g Granola; 2serving Banana","","2026-08-05T22:55:16.365Z"
"Nutrition","2026-08-04","Snack","Snack","","","","","","","407","10","52","18","32","","38g Cookie Dough; 15g Walnuts; 300ml Coconut Water (250ml)","","2026-08-05T06:37:06.121Z"
"Nutrition","2026-08-04","Lunch","Lunch","","","","","","","180","2","46","","24","","2serving Banana","","2026-08-05T04:41:27.127Z"
"Nutrition","2026-08-04","Lunch","Lunch","","","","","","","872","86","42","37","9","","10oz Steak (Sirloin); 60g French Fries; 30g Banana Bread","","2026-08-05T02:24:46.819Z"
"Nutrition","2026-08-04","Dinner","Dinner","","","","","","","1470","103","161","42","66","","1000ml Coconut Water (250ml); 300g Chicken Thigh; 125g Mac and Cheese; 75g White Rice (Cooked)","","2026-08-05T02:26:55.512Z"
"Nutrition","2026-08-04","Breakfast","Breakfast","","","","","","","434","43","31","16","","","1.5serving Boiled Eggs (2); 45g Whole Wheat Bread; 10g Collagen Peptides; 15g Whey Protein Powder; 1serving Americano","","2026-08-05T02:23:43.311Z"
"Workout","2026-08-04","Pickleball","pickleball","1","","","","101","101","1146","","","","","133","","","2026-08-10T18:38:26.536Z"
"Nutrition","2026-08-03","Snack","Snack","","","","","","","353","4","50","18","25","","25g Pecans; 2serving Banana","","2026-08-04T07:43:37.677Z"
"Nutrition","2026-08-03","Lunch","Lunch","","","","","","","913","64","81","36","8","","200g Chicken Thigh; 150g Mac and Cheese; 75g White Rice (Cooked)","","2026-08-03T23:47:33.423Z"
"Nutrition","2026-08-03","Lunch","Lunch","","","","","","","775","24","151","8","99","","38g Cookie Dough; 1serving Banana; 20g Dates; 1000ml Coconut Water (250ml)","","2026-08-03T23:46:47.590Z"
"Nutrition","2026-08-03","Lunch","Lunch","","","","","","","787","57","91","20","5","","150g Chicken Breast; 75g Basmati Rice (Cooked); 75g Mac and Cheese; 80g Tortilla (Flour)","","2026-08-03T23:45:40.788Z"
"Nutrition","2026-08-03","Breakfast","Breakfast","","","","","","","499","35","66","12","27","","1serving Banana; 100g Greek Yogurt (Plain); 50g Blueberries; 50g Granola; 20g Collagen Peptides","","2026-08-03T23:44:20.462Z"
"Workout","2026-08-03","Arms","biceps","1","1","","","38","38","270","","","","","118","","","2026-08-03T23:27:31.837Z"
"Workout","2026-08-03","Legs","legs","1","1","","","30","30","270","","","","","118","","","2026-08-03T23:27:07.934Z"
"Workout","2026-08-03","Hip Abductor Machine","legs","4","13","60","","","","","","","","","","","",""
"Workout","2026-08-03","Hip Abductor Machine","legs","3","15","60","","","","","","","","","","","",""
"Workout","2026-08-03","Hip Abductor Machine","legs","2","15","60","","","","","","","","","","","",""
"Workout","2026-08-03","Hip Abductor Machine","legs","1","15","60","","","","","","","","","","","","2026-08-03T23:25:18.513Z"
"Workout","2026-08-03","Hip Adductors","legs","4","10","58.5","","","","","","","","","","","",""
"Workout","2026-08-03","Hip Adductors","legs","3","12","58.5","","","","","","","","","","","",""
"Workout","2026-08-03","Hip Adductors","legs","2","13","58.5","","","","","","","","","","","",""
"Workout","2026-08-03","Hip Adductors","legs","1","15","50","","","","","","","","","","","YMCA Gym","2026-08-03T23:19:59.432Z"
"Workout","2026-08-03","Leg Press","legs","4","10","94.5","","","","","","","","","","","",""
"Workout","2026-08-03","Leg Press","legs","3","20","85.5","","","","","","","","","","","",""
"Workout","2026-08-03","Leg Press","legs","2","20","67.5","","","","","","","","","","","",""
"Workout","2026-08-03","Leg Press","legs","1","20","50","","","","","","","","","","","","2026-08-03T23:13:10.240Z"
"Workout","2026-08-03","Barbell Curls","biceps","3","7","38.5","","","","","","","","","","","",""
"Workout","2026-08-03","Barbell Curls","biceps","2","8","38.5","","","","","","","","","","","",""
"Workout","2026-08-03","Barbell Curls","biceps","1","10","38.5","","","","","","","","","","","","2026-08-03T22:51:02.721Z"
"Workout","2026-08-03","Face Pull","shoulders","4","13","29","","","","","","","","","","","",""
"Workout","2026-08-03","Face Pull","shoulders","3","13","27","","","","","","","","","","","",""
"Workout","2026-08-03","Face Pull","shoulders","2","15","23","","","","","","","","","","","",""
"Workout","2026-08-03","Face Pull","shoulders","1","20","17","","","","","","","","","","","","2026-08-03T22:36:44.758Z"
"Workout","2026-08-03","Hammer Curls","biceps","4","16","20.5","","","","","","","","","","","",""
"Workout","2026-08-03","Hammer Curls","biceps","3","18","20.5","","","","","","","","","","","",""
"Workout","2026-08-03","Hammer Curls","biceps","2","16","20.5","","","","","","","","","","","",""
"Workout","2026-08-03","Hammer Curls","biceps","1","20","14","","","","","","","","","","","","2026-08-03T22:26:50.917Z"
"Workout","2026-08-03","Abs","core","12","20","","","","","","","","","","","","",""
"Workout","2026-08-03","Abs","core","11","20","","","","","","","","","","","","",""
"Workout","2026-08-03","Abs","core","10","20","","","","","","","","","","","","",""
"Workout","2026-08-03","Abs","core","9","30","10","","","","","","","","","","","",""
"Workout","2026-08-03","Abs","core","8","30","10","","","","","","","","","","","",""
"Workout","2026-08-03","Abs","core","7","30","10","","","","","","","","","","","",""
"Workout","2026-08-03","Abs","core","6","20","10","","","","","","","","","","","",""
"Workout","2026-08-03","Abs","core","5","20","10","","","","","","","","","","","",""
"Workout","2026-08-03","Abs","core","4","20","10","","","","","","","","","","","",""
"Workout","2026-08-03","Abs","core","3","15","10","","","","","","","","","","","",""
"Workout","2026-08-03","Abs","core","2","15","10","","","","","","","","","","","",""
"Workout","2026-08-03","Abs","core","1","15","10","","","","","","","","","","","","2026-08-03T22:14:41.727Z"
"Nutrition","2026-07-31","Dinner","Dinner","","","","","","","270","14","21","14","4","",".5serving Beef Burger","","2026-08-01T08:03:31.752Z"
"Nutrition","2026-07-31","Breakfast","Breakfast","","","","","","","300","","6","","3","","3serving Seltzer / Hard Soda (350ml)","","2026-08-01T07:43:07.760Z"
"Nutrition","2026-07-31","Dinner","Dinner","","","","","","","840","22","161","14","109","","2serving Banana; 38g Cookie Dough; 200ml Milk (Whole); 50g Blueberries; 500ml Coconut Water (250ml); 40g Dates","","2026-08-01T07:42:47.630Z"
"Nutrition","2026-07-31","Lunch","Lunch","","","","","","","1082","51","118","45","19","","150g Fried Chicken; 150g Gravy (Brown); 2serving Waffles","","2026-08-01T07:41:24.447Z"
"Nutrition","2026-07-31","Breakfast","Breakfast","","","","","","","624","42","79","17","34","","2serving Banana; 1serving Scrambled Eggs (2); 43g Multigrain Bread; 50g Greek Yogurt (Plain); 20g Collagen Peptides; 75ml Blueberries","","2026-07-31T18:38:23.210Z"
"Nutrition","2026-07-30","Snack","Snack","","","","","","","261","6","31","12","22","","38g Cookie Dough; 150ml Milk (Whole)","","2026-07-31T06:56:06.860Z"
"Nutrition","2026-07-30","Snack","Snack","","","","","","","110","2","30","","27","","40g Dates","","2026-07-31T05:28:16.816Z"
"Nutrition","2026-07-30","Dinner","Dinner","","","","","","","742","21","87","4","4","","2serving Tuna Sushi; 3serving Beer (355ml can)","","2026-07-31T05:27:29.973Z"
"Nutrition","2026-07-30","Protein","Protein","","","","","","","272","47","11","4","6","","45g Whey Protein Powder; 10g Collagen Peptides; 100ml Milk (Whole)","","2026-07-31T00:48:54.501Z"
"Nutrition","2026-07-30","Lunch","Lunch","","","","","","","218","4","26","11","22","","1serving Ice Cream (Chocolate)","","2026-07-30T20:27:04.363Z"
"Nutrition","2026-07-30","Lunch","Lunch","","","","","","","149","4","26","4","16","","1serving Berry Smoothie; 10g Chia Seeds","","2026-07-30T20:26:31.188Z"
"Nutrition","2026-07-30","Lunch","Lunch","","","","","","","651","40","63","27","12","","225g Butter Chicken; 150g White Rice (Cooked); 50g Broccoli","","2026-07-30T20:26:11.052Z"
"Nutrition","2026-07-30","Breakfast","Breakfast","","","","","","","624","42","79","17","34","","2serving Banana; 1serving Scrambled Eggs (2); 43g Multigrain Bread; 50g Greek Yogurt (Plain); 20g Collagen Peptides; 75ml Blueberries","","2026-07-30T20:24:42.731Z"
"Nutrition","2026-07-29","Lunch","Lunch","","","","","","","220","3","60","","54","","80g Dates","","2026-07-30T05:05:51.255Z"
"Nutrition","2026-07-29","Snack","Snack","","","","","","","76","4","6","4","6","","125ml Milk (Whole)","","2026-07-30T05:02:12.557Z"
"Nutrition","2026-07-29","Breakfast","Breakfast","","","","","","","170","2","23","8","14","","38g Cookie Dough","","2026-07-30T05:00:47.263Z"
"Nutrition","2026-07-29","Dinner","Dinner","","","","","","","1250","52","108","44","5","","150g Beef Brisket (Slow); 1serving White Bread; 80g French Fries; 2serving Beer (350ml Regular)","","2026-07-30T05:00:14.190Z"
"Nutrition","2026-07-29","Protein","Protein","","","","","","","160","34","4","1","1","","32g Whey Protein Powder; 10g Collagen Peptides","","2026-07-30T00:06:18.377Z"
"Nutrition","2026-07-29","Snack","Snack","","","","","","","170","2","23","8","14","","38g Cookie Dough","","2026-07-30T00:05:22.592Z"
"Nutrition","2026-07-29","Snack","Snack","","","","","","","230","10","45","","30","","500ml Coconut Water (250ml)","","2026-07-30T00:00:51.404Z"
"Nutrition","2026-07-29","Lunch","Lunch","","","","","","","855","52","66","44","14","","150g BBQ Chicken Wings; 125g Mac and Cheese; 25g White Rice (Cooked)","","2026-07-29T20:45:32.547Z"
"Nutrition","2026-07-29","Breakfast","Breakfast","","","","","","","624","42","79","17","34","","2serving Banana; 1serving Scrambled Eggs (2); 43g Multigrain Bread; 50g Greek Yogurt (Plain); 20g Collagen Peptides; 75ml Blueberries","","2026-07-29T17:57:13.180Z"
"Workout","2026-07-29","Pickleball","pickleball","1","","","1","53","113","1235","","","","","128","","","2026-07-29T23:21:10.223Z"
"Workout","2026-07-29","Indoor Cycle","cardio","1","","","","15","15","215","","","","","149","","","2026-07-29T00:51:27.238Z"
"Workout","2026-07-29","Plate Side Bends","shoulders","3","10","32","","","","","","","","","","","",""
"Workout","2026-07-29","Plate Side Bends","shoulders","2","10","32","","","","","","","","","","","",""
"Workout","2026-07-29","Plate Side Bends","shoulders","1","10","32","","","","","","","","","","","YMCA","2026-07-29T00:35:29.832Z"
"Workout","2026-07-29","Shoulder Shrugs","shoulders","3","15","32","","","","","","","","","","","",""
"Workout","2026-07-29","Shoulder Shrugs","shoulders","2","15","32","","","","","","","","","","","",""
"Workout","2026-07-29","Shoulder Shrugs","shoulders","1","18","32","","","","","","","","","","","","2026-07-29T00:35:03.256Z"
"Workout","2026-07-29","Rear Delt Fly Machine","shoulders","3","8","67.5","","","","","","","","","","","",""
"Workout","2026-07-29","Rear Delt Fly Machine","shoulders","2","12","58.5","","","","","","","","","","","",""
"Workout","2026-07-29","Rear Delt Fly Machine","shoulders","1","15","40.5","","","","","","","","","","","YMCA","2026-07-29T00:21:37.502Z"
"Workout","2026-07-29","Fly Machine","chest","3","6","85.5","","","","","","","","","","","",""
"Workout","2026-07-29","Fly Machine","chest","2","9","85.5","","","","","","","","","","","",""
"Workout","2026-07-29","Fly Machine","chest","1","12","85.5","","","","","","","","","","","YMCA","2026-07-29T00:14:28.195Z"
"Nutrition","2026-07-28","Protein","Protein","","","","","","","170","25","9","4","6","","28g Whey Protein Powder; 100ml Milk (Whole)","","2026-07-29T05:38:51.903Z"
"Nutrition","2026-07-28","Protein","Protein","","","","","","","70","18","","","","","20g Collagen Peptides","Collagen peptides (bovine) 20g","2026-07-29T05:38:14.514Z"
"Nutrition","2026-07-28","Snack","Snack","","","","","","","90","1","23","","12","","1serving Banana","","2026-07-29T05:35:45.012Z"
"Nutrition","2026-07-28","Dinner","Dinner","","","","","","","892","54","109","25","37","","75g Steak (Sirloin); 75g Butter Chicken; 50g White Rice (Cooked); 50g Lettuce (Romaine); 30g Corn; 40g Pinto Beans (Cooked); .5serving Tortilla (Flour); 25g Sour Cream; 500ml Coconut Water (250ml)","","2026-07-29T02:20:14.969Z"
"Nutrition","2026-07-28","Lunch","Lunch","","","","","","","892","54","109","25","37","","75g Steak (Sirloin); 75g Butter Chicken; 50g White Rice (Cooked); 50g Lettuce (Romaine); 30g Corn; 40g Pinto Beans (Cooked); .5serving Tortilla (Flour); 25g Sour Cream; 500ml Coconut Water (250ml)","","2026-07-29T02:19:55.445Z"
"Nutrition","2026-07-28","Breakfast","Breakfast","","","","","","","968","57","69","51","19","","1serving Bagel; 1serving Scrambled Eggs (2); 50g Bacon; 50g Spinach; 25g Cheddar Cheese; 2serving Cappuccino","","2026-07-28T18:22:27.381Z"
"Nutrition","2026-07-28","Breakfast","Breakfast","","","","","","","174","2","45","","29","","1serving Banana; 20g Dates; 50ml Blueberries","","2026-07-28T17:26:33.871Z"
"Workout","2026-07-28","Tricep Pushdowns","triceps","4","12","33","","","","","","","","","","","",""
"Workout","2026-07-28","Tricep Pushdowns","triceps","3","12","31.5","","","","","","","","","","","",""
"Workout","2026-07-28","Tricep Pushdowns","triceps","2","13","28.5","","","","","","","","","","","",""
"Workout","2026-07-28","Tricep Pushdowns","triceps","1","15","22.5","","","","","","","","","","","YMCA","2026-07-29T00:07:00.606Z"
"Workout","2026-07-28","Chest Press Cables","chest","3","7","50","","","","","","","","","","","",""
"Workout","2026-07-28","Chest Press Cables","chest","2","12","43","","","","","","","","","","","",""
"Workout","2026-07-28","Chest Press Cables","chest","1","15","30","","","","","","","","","","","","2026-07-28T23:59:24.276Z"
"Workout","2026-07-28","Chest Incline Cable Machine","chest","3","10","30","","","","","","","","","","","",""
"Workout","2026-07-28","Chest Incline Cable Machine","chest","2","12","27","","","","","","","","","","","",""
"Workout","2026-07-28","Chest Incline Cable Machine","chest","1","12","20","","","","","","","","","","","","2026-07-28T23:53:06.262Z"
"Workout","2026-07-28","Bench Press","chest","4","8","80","","","","","","","","","","","",""
"Workout","2026-07-28","Bench Press","chest","3","8","80","","","","","","","","","","","",""
"Workout","2026-07-28","Bench Press","chest","2","10","70","","","","","","","","","","","",""
"Workout","2026-07-28","Bench Press","chest","1","12","60","","","","","","","","","","","","2026-07-28T23:44:50.721Z"
"Workout","2026-07-28","Abs","core","12","30","10","","","","","","","","","","","",""
"Workout","2026-07-28","Abs","core","11","30","10","","","","","","","","","","","",""
"Workout","2026-07-28","Abs","core","10","30","10","","","","","","","","","","","",""
"Workout","2026-07-28","Abs","core","9","10","10","","","","","","","","","","","",""
"Workout","2026-07-28","Abs","core","8","10","10","","","","","","","","","","","",""
"Workout","2026-07-28","Abs","core","7","10","10","","","","","","","","","","","",""
"Workout","2026-07-28","Abs","core","6","10","10","","","","","","","","","","","",""
"Workout","2026-07-28","Abs","core","5","10","10","","","","","","","","","","","",""
"Workout","2026-07-28","Abs","core","4","10","10","","","","","","","","","","","",""
"Workout","2026-07-28","Abs","core","3","20","10","","","","","","","","","","","",""
"Workout","2026-07-28","Abs","core","2","20","10","","","","","","","","","","","",""
"Workout","2026-07-28","Abs","core","1","20","10","","13","13","","","","","","","","","2026-07-28T23:31:37.986Z"
"Nutrition","2026-07-27","Dinner","Dinner","","","","","","","1033","99","94","29","10","","300g Chicken Breast; 75g Tortilla (Flour); 100g Mac and Cheese; 100g Baby Corn","","2026-07-28T04:11:16.708Z"
"Nutrition","2026-07-27","Protein","Protein","","","","","","","242","48","8","2","2","","62g Whey Protein Powder","","2026-07-28T02:34:11.620Z"
"Nutrition","2026-07-27","Lunch","Lunch","","","","","","","1112","74","118","33","60","","3serving Salmon Poke Bowl; 100g White Rice (Cooked); 1000ml Coconut Water (250ml)","","2026-07-28T02:33:34.706Z"
"Nutrition","2026-07-27","Breakfast","Breakfast","","","","","","","78","6","1","5","","","1serving Boiled Egg","","2026-07-27T20:14:59.872Z"
"Nutrition","2026-07-27","Breakfast","Breakfast","","","","","","","857","19","171","16","119","","1serving Acai Bowl; 1.5serving Cappuccino; 1serving Banana; 80g Dates; 150g Cherry Tomatoes; 100g Blueberries","","2026-07-27T20:04:40.861Z"
"Workout","2026-07-27","PT - Meniscus","legs","1","1","","","30","30","250","","","","","138","","","2026-07-27T23:45:37.435Z"
"Workout","2026-07-27","Arms","biceps","1","1","","","40","40","400","","","","","138","","","2026-07-27T23:45:20.582Z"
"Workout","2026-07-27","Hip Adductors","legs","4","12","58.5","","","","","","","","","","","",""
"Workout","2026-07-27","Hip Adductors","legs","3","12","58.5","","","","","","","","","","","",""
"Workout","2026-07-27","Hip Adductors","legs","2","15","55","","","","","","","","","","","",""
"Workout","2026-07-27","Hip Adductors","legs","1","15","40","","","","","","","","","","","YMCA Gym","2026-07-27T23:44:43.465Z"
"Workout","2026-07-27","Hip Abductor Machine","legs","4","13","60","","","","","","","","","","","",""
"Workout","2026-07-27","Hip Abductor Machine","legs","3","15","60","","","","","","","","","","","",""
"Workout","2026-07-27","Hip Abductor Machine","legs","2","15","60","","","","","","","","","","","",""
"Workout","2026-07-27","Hip Abductor Machine","legs","1","15","60","","","","","","","","","","","","2026-07-27T23:38:10.584Z"
"Workout","2026-07-27","Incline Dumbbell Curl","biceps","4","12","16","","","","","","","","","","","",""
"Workout","2026-07-27","Incline Dumbbell Curl","biceps","3","12","16","","","","","","","","","","","",""
"Workout","2026-07-27","Incline Dumbbell Curl","biceps","2","12","16","","","","","","","","","","","",""
"Workout","2026-07-27","Incline Dumbbell Curl","biceps","1","20","15","","","","","","","","","","","YMCA gym","2026-07-27T23:33:21.674Z"
"Workout","2026-07-27","Pull-ups","back","3","10","","","","","","","","","","","","",""
"Workout","2026-07-27","Pull-ups","back","2","10","","","","","","","","","","","","",""
"Workout","2026-07-27","Pull-ups","back","1","10","","","","","","","","","","","","","2026-07-27T23:19:19.181Z"
"Workout","2026-07-27","Cable Lateral Raise","shoulders","3","10","10","","","","","","","","","","","",""
"Workout","2026-07-27","Cable Lateral Raise","shoulders","2","10","10","","","","","","","","","","","",""
"Workout","2026-07-27","Cable Lateral Raise","shoulders","1","10","10","","","","","","","","","","","Each arm","2026-07-27T23:19:06.393Z"
"Workout","2026-07-27","Hammer Curls","biceps","4","16","20.5","","","","","","","","","","","",""
"Workout","2026-07-27","Hammer Curls","biceps","3","16","20.5","","","","","","","","","","","",""
"Workout","2026-07-27","Hammer Curls","biceps","2","16","20.5","","","","","","","","","","","",""
"Workout","2026-07-27","Hammer Curls","biceps","1","20","16","","","","","","","","","","","","2026-07-27T23:07:05.060Z"
"Workout","2026-07-27","PT - Meniscus","legs","1","1","","","30","30","","","","","","","","","2026-07-27T04:45:22.694Z"
"Nutrition","2026-07-26","Snack","Snack","","","","","","","90","1","23","","12","","1serving Banana","","2026-07-27T07:56:13.521Z"
"Nutrition","2026-07-26","Dinner","Dinner","","","","","","","813","45","90","30","13","","250g Butter Chicken; 250g Basmati Rice (Cooked)","","2026-07-27T04:51:50.140Z"
"Nutrition","2026-07-26","Lunch","Lunch","","","","","","","1210","88","140","32","42","","75g Turkey Breast; 1serving White Bread Slice; 25g Avocado; 20g Bacon; 550ml Coconut Water (250ml); 150g Chicken Caesar Salad; 50g Tortilla (Flour)","","2026-07-27T04:50:34.245Z"
"Nutrition","2026-07-26","Breakfast","Breakfast","","","","","","","1017","55","85","52","34","","1.5serving Scrambled Eggs (2); 60g Bacon; 70g Pancakes (2); 80g Greek Yogurt (Plain); 2serving Banana","","2026-07-27T04:48:19.233Z"
"Nutrition","2026-07-25","Dinner","Dinner","","","","","","","1786","99","11","43","8","","300g Beef Tenderloin; 250g Cherry Tomato; 50g Burrata; 10serving Tequila (1 shot)","","2026-07-27T04:47:43.198Z"
"Nutrition","2026-07-25","Lunch","Lunch","","","","","","","881","47","96","33","8","","2.5serving Fish Tacos (2); 50g French Fries","","2026-07-27T04:46:47.816Z"
"Nutrition","2026-07-25","Breakfast","Breakfast","","","","","","","1017","55","85","52","34","","1.5serving Scrambled Eggs (2); 60g Bacon; 70g Pancakes (2); 80g Greek Yogurt (Plain); 2serving Banana","","2026-07-27T04:46:02.302Z"
"Nutrition","2026-07-24","Lunch","Lunch","","","","","","","1043","46","112","49","14","","350g Pepperoni Pizza","","2026-07-25T08:23:33.165Z"
"Nutrition","2026-07-24","Dinner","Dinner","","","","","","","1092","63","98","50","23","","100g BBQ Brisket Sandwich; 100g BBQ Chicken Wings; 75g Mac and Cheese; 40g Cornbread","","2026-07-25T08:24:11.852Z"
"Nutrition","2026-07-24","Breakfast","Breakfast","","","","","","","1017","55","85","52","34","","1.5serving Scrambled Eggs (2); 60g Bacon; 70g Pancakes (2); 80g Greek Yogurt (Plain); 2serving Banana","","2026-07-25T08:23:13.211Z"
"Workout","2026-07-24","Bench Press Machine","chest","4","8","110","","","","","","","","","","","",""
"Workout","2026-07-24","Bench Press Machine","chest","3","9","110","","","","","","","","","","","",""
"Workout","2026-07-24","Bench Press Machine","chest","2","10","100","","","","","","","","","","","",""
"Workout","2026-07-24","Bench Press Machine","chest","1","15","80","","","","","","","","","","","Montana Hotel - High Elevation","2026-07-24T22:11:46.957Z"
"Workout","2026-07-24","Pushups","chest","4","25","","","","","","","","","","","","",""
"Workout","2026-07-24","Pushups","chest","3","25","","","","","","","","","","","","",""
"Workout","2026-07-24","Pushups","chest","2","25","","","","","","","","","","","","",""
"Workout","2026-07-24","Pushups","chest","1","25","","","","","","","","","","","","Montana Hotel - High Elevation","2026-07-24T22:11:39.392Z"
"Workout","2026-07-24","Tricep Pulldowns","triceps","4","10","50","","","","","","","","","","","",""
"Workout","2026-07-24","Tricep Pulldowns","triceps","3","10","50","","","","","","","","","","","",""
"Workout","2026-07-24","Tricep Pulldowns","triceps","2","10","50","","","","","","","","","","","",""
"Workout","2026-07-24","Tricep Pulldowns","triceps","1","15","40","","","","","","","","","","","Montana Hotel - High Elevation","2026-07-24T22:11:31.730Z"
"Nutrition","2026-07-23","Dinner","Dinner","","","","","","","1030","39","88","48","18","","150g Brioche Bun; 100g Beef Short Rib; 1serving Beer (350ml Regular)","","2026-07-25T08:21:44.453Z"
"Nutrition","2026-07-23","Lunch","Lunch","","","","","","","1502","101","130","64","20","","2serving Beef Tacos (2); 75g Chicken Breast; 130g Butter Chicken; 150g Mac and Cheese","","2026-07-25T08:20:43.262Z"
"Nutrition","2026-07-23","Breakfast","Breakfast","","","","","","","888","40","103","37","40","","2serving Banana; 30g Peanut Butter; 3serving Boiled Egg; 1serving Pancakes (2); 50g Greek Yogurt (Plain)","","2026-07-23T16:00:36.289Z"
"Nutrition","2026-07-22","Dinner","Dinner","","","","","","","985","34","128","22","53","","2serving Banana; 1serving Pizza Slice; 100g Cauliflower; 50g Ribeye Steak; 100g Baby Corn; 1serving Margarita","","2026-07-23T16:03:00.514Z"
"Nutrition","2026-07-22","Lunch","Lunch","","","","","","","744","53","92","18","22","","2serving Seafood Pasta (Red Sauce); 50g Chicken Breast; 1serving Matcha Latte","","2026-07-23T16:01:38.453Z"
"Nutrition","2026-07-22","Breakfast","Breakfast","","","","","","","888","40","103","37","40","","2serving Banana; 30g Peanut Butter; 3serving Boiled Egg; 1serving Pancakes (2); 50g Greek Yogurt (Plain)","","2026-07-23T16:00:47.836Z"
"Nutrition","2026-07-21","Snack","Snack","","","","","","","90","1","23","","12","","1serving Banana","","2026-07-22T05:44:49.557Z"
"Nutrition","2026-07-21","Lunch","Lunch","","","","","","","1615","57","173","38","49","","2serving Tortilla (Flour); 150g Chicken Thigh; 75g Black Beans (Cooked); 50g Avocado; 2serving Margarita","","2026-07-22T05:44:15.168Z"
"Nutrition","2026-07-21","Lunch","Lunch","","","","","","","670","33","119","12","20","","1serving Banana; 4serving Salmon Sushi Roll","","2026-07-22T01:09:36.216Z"
"Nutrition","2026-07-21","Breakfast","Breakfast","","","","","","","888","40","103","37","40","","2serving Banana; 30g Peanut Butter; 3serving Boiled Egg; 1serving Pancakes (2); 50g Greek Yogurt (Plain)","","2026-07-21T15:12:05.301Z"
"Nutrition","2026-07-20","Snack","Snack","","","","","","","90","1","23","","12","","1serving Banana","","2026-07-21T15:04:57.428Z"
"Nutrition","2026-07-20","Dinner","Dinner","","","","","","","156","2","21","8","","","50g French Fries","","2026-07-20T15:19:49.258Z"
"Nutrition","2026-07-20","Dinner","Dinner","","","","","","","685","38","65","29","3","","50g Beef Patty; 100g Egg Noodles (Cooked); 200g Pork Dumplings (Steamed)","","2026-07-20T15:19:29.959Z"
"Nutrition","2026-07-20","Lunch","Lunch","","","","","","","879","51","79","42","9","","1serving Chicken Wrap; 100g Cod Fish; 100g Mashed Potato; 30g White Bread; 20g Macadamia Nuts; 20g Cashews","","2026-07-20T14:22:13.260Z"
"Nutrition","2026-07-20","Lunch","Lunch","","","","","","","423","33","42","12","","","130g Chicken Thigh; 150g White Rice (Cooked)","","2026-07-20T14:20:50.870Z"
"Nutrition","2026-07-20","Breakfast","Breakfast","","","","","","","78","6","1","5","","","1serving Boiled Egg","","2026-07-20T06:59:20.035Z"
"Nutrition","2026-07-20","Breakfast","Breakfast","","","","","","","80","4","8","3","7","","1serving Cappuccino","","2026-07-20T06:58:22.355Z"
"Nutrition","2026-07-20","Protein","Protein","","","","","","","242","48","8","2","2","","62g Whey Protein Powder","","2026-07-20T06:58:14.304Z"
"Nutrition","2026-07-20","Breakfast","Breakfast","","","","","","","648","45","53","27","3","","90g Sourdough Bread; 1serving Scrambled Eggs (2); 50g Ham; 60g Mozzarella","","2026-07-20T06:57:42.167Z"
"Nutrition","2026-07-20","Breakfast","Breakfast","","","","","","","90","1","23","","12","","1serving Banana","","2026-07-20T06:57:30.039Z"
"Nutrition","2026-07-19","Snack","Snack","","","","","","","90","1","23","","12","","1serving Banana","","2026-07-19T14:03:01.047Z"
"Nutrition","2026-07-19","Dinner","Dinner","","","","","","","443","36","54","3","3","","150g Snapper; 150g Gnocchi","","2026-07-19T11:45:51.395Z"
"Nutrition","2026-07-19","Lunch","Lunch","","","","","","","1473","121","77","71","1","","500g Chicken Thigh; 70g Pita Bread; 100g White Rice (Cooked); 25ml Olive Oil; 20g Sourdough Bread","","2026-07-19T07:50:07.411Z"
"Nutrition","2026-07-19","Lunch","Lunch","","","","","","","299","13","59","","39","","650ml Coconut Water (250ml)","","2026-07-19T07:19:13.469Z"
"Nutrition","2026-07-19","Snack","Snack","","","","","","","248","","62","","62","","2serving Pocari Sweat (500ml can)","","2026-07-19T07:18:34.148Z"
"Nutrition","2026-07-19","Snack","Snack","","","","","","","228","3","61","","46","","1serving Banana; 50g Dates","","2026-07-19T05:13:49.708Z"
"Nutrition","2026-07-19","Breakfast","Breakfast","","","","","","","1172","62","107","60","32","","150g Waffles; 30g Whey Protein Powder; 1serving Scrambled Eggs (2); 40g Mango; 40g Apple; 25g Peanut Butter; 85g Avocado; 1serving Cappuccino","","2026-07-19T04:51:11.403Z"
"Workout","2026-07-19","Arms","biceps","1","1","","","70","70","","","","","","","","","2026-07-19T06:58:14.410Z"
"Workout","2026-07-19","Plate Side Bends","core","3","24","30","","","","","","","","","","","",""
"Workout","2026-07-19","Plate Side Bends","core","2","24","30","","","","","","","","","","","",""
"Workout","2026-07-19","Plate Side Bends","core","1","20","30","","","","","","","","","","","Total - so half each side","2026-07-19T06:57:53.520Z"
"Workout","2026-07-19","Barbell Curls","biceps","4","10","30","","","","","","","","","","","",""
"Workout","2026-07-19","Barbell Curls","biceps","3","10","30","","","","","","","","","","","",""
"Workout","2026-07-19","Barbell Curls","biceps","2","12","30","","","","","","","","","","","",""
"Workout","2026-07-19","Barbell Curls","biceps","1","12","30","","","","","","","","","","","","2026-07-19T06:49:27.367Z"
"Workout","2026-07-19","Rear Delt Fly Machine","shoulders","4","10","75","","","","","","","","","","","",""
"Workout","2026-07-19","Rear Delt Fly Machine","shoulders","3","9","82.5","","","","","","","","","","","",""
"Workout","2026-07-19","Rear Delt Fly Machine","shoulders","2","12","75","","","","","","","","","","","",""
"Workout","2026-07-19","Rear Delt Fly Machine","shoulders","1","12","67.5","","","","","","","","","","","","2026-07-19T06:31:45.579Z"
"Workout","2026-07-19","Hammer Curls","biceps","3","18","20","","","","","","","","","","","",""
"Workout","2026-07-19","Hammer Curls","biceps","2","18","20","","","","","","","","","","","",""
"Workout","2026-07-19","Hammer Curls","biceps","1","18","20","","","","","","","","","","","","2026-07-19T06:21:09.289Z"
"Workout","2026-07-19","Abs - Cable Crunches","core","3","13","80","","","","","","","","","","","",""
"Workout","2026-07-19","Abs - Cable Crunches","core","2","13","80","","","","","","","","","","","",""
"Workout","2026-07-19","Abs - Cable Crunches","core","1","15","70","","","","","","","","","","","","2026-07-19T06:11:16.295Z"
"Workout","2026-07-19","Rows Machine","back","3","10","60","","","","","","","","","","","",""
"Workout","2026-07-19","Rows Machine","back","2","10","60","","","","","","","","","","","",""
"Workout","2026-07-19","Rows Machine","back","1","12","50","","","","","","","","","","","Pucuk Gym","2026-07-19T06:08:44.789Z"
"Workout","2026-07-19","Pull-ups","back","3","12","","","","","","","","","","","","",""
"Workout","2026-07-19","Pull-ups","back","2","12","","","","","","","","","","","","",""
"Workout","2026-07-19","Pull-ups","back","1","10","","","","","","","","","","","","","2026-07-19T05:57:46.664Z"
"Workout","2026-07-19","Rotator Cuff Cables","shoulders","3","10","10","","","","","","","","","","","",""
"Workout","2026-07-19","Rotator Cuff Cables","shoulders","2","10","10","","","","","","","","","","","",""
"Workout","2026-07-19","Rotator Cuff Cables","shoulders","1","10","10","","","","","","","","","","","","2026-07-19T05:55:26.997Z"
"Nutrition","2026-07-18","Snack","Snack","","","","","","","329","5","52","12","23","","1serving Cinnamon Roll","","2026-07-18T14:08:17.376Z"
"Nutrition","2026-07-18","Snack","Snack","","","","","","","75","","18","","18","","300ml Pocari Sweat","","2026-07-18T14:07:58.860Z"
"Nutrition","2026-07-18","Snack","Snack","","","","","","","220","3","60","","54","","80g Dates","","2026-07-18T13:08:57.925Z"
"Nutrition","2026-07-18","Dinner","Dinner","","","","","","","1353","65","134","59","47","","1.4serving Beef Burger; 25g Cheddar Cheese; 15g Parmesan Cheese; 600ml Coconut Water (250ml); 50g French Fries","","2026-07-18T11:46:22.978Z"
"Nutrition","2026-07-18","Lunch","Lunch","","","","","","","432","45","28","15","","","150g Duck Breast; 100g White Rice (Cooked)","","2026-07-18T11:46:05.085Z"
"Nutrition","2026-07-18","Breakfast","Breakfast","","","","","","","815","39","70","42","23","","2serving Omelette (2 eggs); 150ml Watermelon; 100g Waffles; 1serving Cappuccino","","2026-07-18T11:45:17.851Z"
"Nutrition","2026-07-17","Lunch","Lunch","","","","","","","1122","105","152","6","45","","150g Tuna (Fresh); 200g Snapper (Grilled); 300g White Rice (Cooked); 750ml Coconut Water (250ml)","","2026-07-17T10:05:10.094Z"
"Nutrition","2026-07-17","Breakfast","Breakfast","","","","","","","520","17","87","14","46","","1serving Omelette (2 eggs); 3serving Banana; 200g Watermelon","","2026-07-17T10:04:49.794Z"
"Workout","2026-07-17","SCUBA Diving","cardio","1","","","","115","115","","","","","","","","","2026-07-18T01:10:23.362Z"
"Nutrition","2026-07-16","Dinner","Dinner","","","","","","","850","40","70","40","","","1serving Baja Fish Burrito","","2026-07-16T14:27:54.907Z"
"Nutrition","2026-07-16","Protein","Protein","","","","","","","480","37","25","3","4","","1serving Protein Shake (Mixed)","","2026-07-16T12:29:43.741Z"
"Nutrition","2026-07-16","Lunch","Lunch","","","","","","","90","1","23","","12","","1serving Banana","","2026-07-16T09:31:47.994Z"
"Nutrition","2026-07-16","Snack","Snack","","","","","","","122","2","15","6","12","","25g Snickers","","2026-07-16T08:56:24.642Z"
"Nutrition","2026-07-16","Lunch","Lunch","","","","","","","1313","113","184","8","44","","350g Mahi Mahi (Grilled); 400g White Rice (Cooked); 150g Stir Fry Vegetables; 600ml Coconut Water (250ml)","","2026-07-16T08:55:52.914Z"
"Nutrition","2026-07-16","Breakfast","Breakfast","","","","","","","517","19","71","16","34","","1serving Scrambled Eggs (2); 80g White Bread; 500ml Pocari Sweat","","2026-07-16T08:54:52.128Z"
"Workout","2026-07-16","SCUBA Diving","cardio","1","","","","180","180","","","","","","","","","2026-07-19T04:49:27.438Z"
"Nutrition","2026-07-15","Protein","Protein","","","","","","","480","37","25","3","4","","1serving Protein Shake (Mixed)","","2026-07-15T11:17:42.134Z"
"Nutrition","2026-07-15","Dinner","Dinner","","","","","","","490","25","46","25","40","","60g Bacon; 60g Dates","","2026-07-15T10:06:05.698Z"
"Nutrition","2026-07-15","Lunch","Lunch","","","","","","","1122","105","152","6","45","","150g Tuna (Fresh); 200g Snapper (Grilled); 300g White Rice (Cooked); 750ml Coconut Water (250ml)","","2026-07-15T08:48:12.946Z"
"Nutrition","2026-07-15","Lunch","Lunch","","","","","","","428","25","55","11","5","","150g White Rice (Cooked); 50g Beef Tenderloin; .5serving Boiled Egg; 100g Stir Fry Vegetables","","2026-07-15T05:44:04.469Z"
"Nutrition","2026-07-15","Snack","Snack","","","","","","","390","5","99","","62","","200g Mango; 3serving Banana","","2026-07-15T05:20:11.869Z"
"Nutrition","2026-07-15","Breakfast","Breakfast","","","","","","","135","2","35","","18","","1.5serving Banana","","2026-07-15T05:19:35.580Z"
"Nutrition","2026-07-15","Breakfast","Breakfast","","","","","","","517","19","71","16","34","","1serving Scrambled Eggs (2); 80g White Bread; 500ml Pocari Sweat","","2026-07-15T05:19:23.247Z"
"Workout","2026-07-15","SCUBA Diving","cardio","1","","","","110","110","","","","","","","","","2026-07-15T05:18:48.855Z"
"Nutrition","2026-07-14","Protein","Protein","","","","","","","350","45","12","3","4","","1serving Protein Shake (Mixed)","","2026-07-14T11:59:06.609Z"
"Nutrition","2026-07-14","Dinner","Dinner","","","","","","","381","39","","26","","","150g Beef Patty","","2026-07-14T09:53:03.164Z"
"Nutrition","2026-07-14","Snack","Snack","","","","","","","125","","30","","30","","500ml Pocari Sweat","","2026-07-14T09:38:23.051Z"
"Nutrition","2026-07-14","Dinner","Dinner","","","","","","","276","12","54","","36","","600ml Coconut Water (250ml)","","2026-07-14T09:37:21.209Z"
"Nutrition","2026-07-14","Dinner","Dinner","","","","","","","428","36","56","6","5","","150g Tuna (Fresh); 150g White Rice (Cooked); 75g Stir Fry Vegetables; 25g Potato Salad","","2026-07-14T09:36:56.622Z"
"Nutrition","2026-07-14","Snack","Snack","","","","","","","90","1","23","","12","","1serving Banana","","2026-07-14T09:36:13.863Z"
"Nutrition","2026-07-14","Lunch","Lunch","","","","","","","388","22","47","12","5","","150g Green Curry (Chicken); 125g White Rice (Cooked)","","2026-07-14T09:36:03.214Z"
"Nutrition","2026-07-14","Breakfast","Breakfast","","","","","","","963","37","136","32","34","","1.5serving Scrambled Eggs (2); 80g White Bread Slice; 150g Pancakes (2); 1serving Banana","","2026-07-14T01:44:11.019Z"
"Workout","2026-07-14","SCUBA Diving","cardio","1","","","","55","55","","","","","","","","","2026-07-14T09:35:21.921Z"
"Nutrition","2026-07-13","Snack","Snack","","","","","","","63","","15","","15","","250ml Pocari Sweat","","2026-07-13T13:59:10.063Z"
"Nutrition","2026-07-13","Dinner","Dinner","","","","","","","1180","94","155","4","47","","100g Watermelon; 300g White Rice (Cooked); 350g Snapper; 700ml Coconut Water (250ml)","","2026-07-13T13:08:48.848Z"
"Nutrition","2026-07-13","Lunch","Lunch","","","","","","","1230","83","64","71","10","","1.2serving Beef Burger; 25g Parmesan Cheese; 150g Beef Patty; 30g French Fries","","2026-07-13T07:38:41.897Z"
"Nutrition","2026-07-13","Lunch","Lunch","","","","","","","369","15","64","6","26","","1serving Nasi Goreng; 400ml Coconut Water (250ml)","","2026-07-13T07:37:37.541Z"
"Nutrition","2026-07-13","Breakfast","Breakfast","","","","","","","707","26","113","16","31","","1serving Scrambled Eggs (2); 80g White Bread; 130g White Rice (Cooked); 200ml Grapefruit Juice; .75serving Banana","","2026-07-13T07:36:57.074Z"
"Workout","2026-07-13","SCUBA Diving","cardio","1","","","","110","110","","","","","","","","","2026-07-13T13:10:57.322Z"
"Nutrition","2026-07-12","Snack","Snack","","","","","","","957","47","139","24","80","","1.4serving Acai Bowl; 15g Peanut Butter; 30g Whey Protein Powder; 600ml Coconut Water (250ml)","","2026-07-12T12:39:50.202Z"
"Nutrition","2026-07-12","Dinner","Dinner","","","","","","","508","55","42","3","","","250g Snapper; 150g White Rice (Cooked)","","2026-07-12T11:22:32.413Z"
"Nutrition","2026-07-12","Lunch","Lunch","","","","","","","944","22","156","30","68","","1.5serving Pancakes (2); 3serving Banana; 30g Peanut Butter; 20g Nutella","","2026-07-12T06:30:11.974Z"
"Nutrition","2026-07-12","Breakfast","Breakfast","","","","","","","276","12","54","","36","","600ml Coconut Water (250ml)","","2026-07-12T06:29:20.657Z"
"Nutrition","2026-07-12","Breakfast","Breakfast","","","","","","","825","40","100","30","5","","1serving Bagel BLT","","2026-07-12T06:28:50.449Z"
"Nutrition","2026-07-11","Dinner","Dinner","","","","","","","218","7","26","10","6","","100g Stir Fry Vegetables; 25g Garlic Bread; 20g Hummus","","2026-07-11T16:54:06.795Z"
"Nutrition","2026-07-11","Dinner","Dinner","","","","","","","414","18","81","","54","","900ml Coconut Water (250ml)","","2026-07-11T10:54:10.199Z"
"Nutrition","2026-07-11","Dinner","Dinner","","","","","","","1348","90","66","80","10","","1.3serving Beef Burger; 150g Beef Patty; 20g Parmesan Cheese; 25g Cheddar Cheese; 25g French Fries","","2026-07-11T10:53:34.865Z"
"Nutrition","2026-07-11","Snack","Snack","","","","","","","165","1","41","","30","","1serving Banana; 300ml Pocari Sweat","","2026-07-11T09:01:15.248Z"
"Nutrition","2026-07-11","Lunch","Lunch","","","","","","","476","8","78","15","42","","1.4serving Acai Bowl","","2026-07-11T09:00:22.338Z"
"Nutrition","2026-07-11","Breakfast","Breakfast","","","","","","","220","4","50","2","28","","2serving Banana; .5serving Cappuccino","","2026-07-11T08:59:05.643Z"
"Nutrition","2026-07-11","Breakfast","Breakfast","","","","","","","111","5","15","3","9","","1serving Cappuccino; 25ml Ginger Root; 25ml Beetroot","","2026-07-11T08:59:45.458Z"
"Nutrition","2026-07-11","Breakfast","Breakfast","","","","","","","648","45","53","27","3","","90g Sourdough Bread; 1serving Scrambled Eggs (2); 50g Ham; 60g Mozzarella","","2026-07-11T08:59:24.885Z"
"Nutrition","2026-07-10","Dinner","Dinner","","","","","","","263","4","42","10","18","",".8serving Cinnamon Roll","","2026-07-10T11:51:09.399Z"
"Nutrition","2026-07-10","Dinner","Dinner","","","","","","","656","29","70","31","9","","2.2serving Pepperoni Pizza","","2026-07-10T11:44:59.824Z"
"Nutrition","2026-07-10","Snack","Snack","","","","","","","234","3","64","","57","","85g Dates","","2026-07-10T08:26:05.023Z"
"Nutrition","2026-07-10","Lunch","Lunch","","","","","","","1443","131","113","46","37","","500g Chicken Thigh; 75g Pita Bread; 70g Brown Rice (Cooked); 600ml Coconut Water (250ml)","","2026-07-10T06:57:59.925Z"
"Nutrition","2026-07-10","Breakfast","Breakfast","","","","","","","1146","32","158","45","71","","2serving Banana; 1serving Boiled Eggs (2); 1serving Croissant; 1serving Acai Bowl; 1serving Cappuccino","","2026-07-10T05:56:32.686Z"
"Nutrition","2026-07-09","Dinner","Dinner","","","","","","","1353","65","134","59","47","","1.4serving Beef Burger; 25g Cheddar Cheese; 15g Parmesan Cheese; 600ml Coconut Water (250ml); 50g French Fries","","2026-07-09T13:18:15.700Z"
"Nutrition","2026-07-09","Snack","Snack","","","","","","","90","1","23","","12","","1serving Banana","","2026-07-09T13:01:48.291Z"
"Nutrition","2026-07-09","Snack","Snack","","","","","","","188","","45","","45","","750ml Pocari Sweat (100ml)","","2026-07-09T12:29:31.851Z"
"Nutrition","2026-07-09","Lunch","Lunch","","","","","","","951","75","107","22","46","","150g Basmati Rice (Cooked); 225g Chicken Breast; 100g Mango; 15g Olive Oil; 550ml Coconut Water (250ml)","","2026-07-09T09:55:19.726Z"
"Nutrition","2026-07-09","Snack","Snack","","","","","","","661","64","78","3","47","","750ml Coconut Water (250ml); 62g Whey Protein Powder; 10g Creatine (5g); 5g Chia Seeds","","2026-07-09T08:26:24.486Z"
"Nutrition","2026-07-09","Breakfast","Breakfast","","","","","","","176","3","40","","12","","100g White Rice (Cooked); 15ml Honey","","2026-07-09T06:24:18.349Z"
"Nutrition","2026-07-09","Breakfast","Breakfast","","","","","","","80","4","8","3","7","","1serving Cappuccino","","2026-07-09T02:27:34.767Z"
"Nutrition","2026-07-09","Breakfast","Breakfast","","","","","","","487","27","36","26","1","","1.5serving Scrambled Eggs (2); 30g Ricotta; 60g Sourdough Bread","","2026-07-09T02:27:19.813Z"
"Nutrition","2026-07-09","Breakfast","Breakfast","","","","","","","180","2","46","","24","","2serving Banana","","2026-07-09T02:27:08.455Z"
"Workout","2026-07-09","Arms","biceps","1","1","","","63","63","418","","","","","100","","","2026-07-09T07:22:07.256Z"
"Workout","2026-07-09","Preacher Curls","biceps","4","7","30","","","","","","","","","","","",""
"Workout","2026-07-09","Preacher Curls","biceps","3","7","30","","","","","","","","","","","",""
"Workout","2026-07-09","Preacher Curls","biceps","2","8","30","","","","","","","","","","","",""
"Workout","2026-07-09","Preacher Curls","biceps","1","12","30","","","","","","","","","","","","2026-07-09T07:21:38.188Z"
"Workout","2026-07-09","Rear Delt Fly Machine","shoulders","3","8","80","","","","","","","","","","","",""
"Workout","2026-07-09","Rear Delt Fly Machine","shoulders","2","8","80","","","","","","","","","","","",""
"Workout","2026-07-09","Rear Delt Fly Machine","shoulders","1","13","72.5","","","","","","","","","","","","2026-07-09T07:10:44.027Z"
"Workout","2026-07-09","Incline Dumbbell Curl","biceps","4","18","16","","","","","","","","","","","",""
"Workout","2026-07-09","Incline Dumbbell Curl","biceps","3","18","16","","","","","","","","","","","",""
"Workout","2026-07-09","Incline Dumbbell Curl","biceps","2","18","16","","","","","","","","","","","",""
"Workout","2026-07-09","Incline Dumbbell Curl","biceps","1","22","16","","","","","","","","","","","","2026-07-09T07:00:05.976Z"
"Workout","2026-07-09","Rows Machine","back","4","10","67.5","","","","","","","","","","","",""
"Workout","2026-07-09","Rows Machine","back","3","7","75","","","","","","","","","","","",""
"Workout","2026-07-09","Rows Machine","back","2","8","75","","","","","","","","","","","",""
"Workout","2026-07-09","Rows Machine","back","1","12","67.5","","","","","","","","","","","","2026-07-09T06:45:39.425Z"
"Workout","2026-07-09","Hammer Curls","biceps","4","16","22","","","","","","","","","","","",""
"Workout","2026-07-09","Hammer Curls","biceps","3","18","22","","","","","","","","","","","",""
"Workout","2026-07-09","Hammer Curls","biceps","2","20","20","","","","","","","","","","","",""
"Workout","2026-07-09","Hammer Curls","biceps","1","20","16","","","","","","","","","","","","2026-07-09T06:34:56.852Z"
"Workout","2026-07-09","Rotator Cuff Cables","shoulders","3","15","15","","","","","","","","","","","",""
"Workout","2026-07-09","Rotator Cuff Cables","shoulders","2","15","10","","","","","","","","","","","",""
"Workout","2026-07-09","Rotator Cuff Cables","shoulders","1","15","5","","","","","","","","","","","","2026-07-09T06:21:27.069Z"
"Workout","2026-07-09","PT - Meniscus","legs","1","1","","","26","26","145","","","","","87","","","2026-07-09T06:17:57.814Z"
"Nutrition","2026-07-08","Snack","Snack","","","","","","","153","1","38","","27","","250ml Pocari Sweat (100ml); 1serving Banana","","2026-07-08T14:55:09.251Z"
"Nutrition","2026-07-08","Snack","Snack","","","","","","","83","1","23","","20","","30g Dates","","2026-07-08T14:48:45.826Z"
"Nutrition","2026-07-08","Snack","Snack","","","","","","","124","","31","","31","","1serving Pocari Sweat (500ml can)","","2026-07-08T11:41:16.059Z"
"Nutrition","2026-07-08","Dinner","Dinner","","","","","","","350","25","15","30","","",".5serving Chicken Karaage","","2026-07-08T11:38:14.158Z"
"Nutrition","2026-07-08","Dinner","Dinner","","","","","","","900","40","75","48","","","1serving Chachu Ramen","","2026-07-08T11:36:05.800Z"
"Nutrition","2026-07-08","Snack","Snack","","","","","","","92","5","8","5","8","","150ml Milk (Whole)","","2026-07-08T10:10:11.958Z"
"Nutrition","2026-07-08","Protein","Protein","","","","","","","276","49","10","3","2","","62g Whey Protein Powder; 10g Creatine; 5g Chia Seeds","","2026-07-08T10:02:33.948Z"
"Nutrition","2026-07-08","Snack","Snack","","","","","","","337","5","62","9","29","","1serving Banana; 75g Cinnamon Roll","","2026-07-08T10:02:08.635Z"
"Nutrition","2026-07-08","Lunch","Lunch","","","","","","","1075","63","87","51","30","","100g Chicken Thigh; 100g Beef Patty; 150g Basmati Rice (Cooked); 25g Olive Oil; 500ml Coconut Water (250ml)","","2026-07-08T10:01:18.514Z"
"Nutrition","2026-07-08","Breakfast","Breakfast","","","","","","","968","36","125","39","33","","2serving Banana; 100g White Rice (Cooked); 10g Olive Oil; 1.5serving Scrambled Eggs (2); 80g Multigrain Sourdough; 1serving Cappuccino","","2026-07-08T04:20:42.421Z"
"Workout","2026-07-08","PT - Meniscus","recovery","1","","","","30","30","","","","","","","","","2026-07-08T11:32:51.633Z"
"Workout","2026-07-08","Abs","core","1","1","","","43","43","352","","","","","118","","","2026-07-08T11:32:35.372Z"
"Workout","2026-07-08","Tricep Pulldowns","triceps","3","13","45","","","","","","","","","","","",""
"Workout","2026-07-08","Tricep Pulldowns","triceps","2","12","45","","","","","","","","","","","",""
"Workout","2026-07-08","Tricep Pulldowns","triceps","1","15","40","","","","","","","","","","","","2026-07-08T05:47:12.232Z"
"Workout","2026-07-08","Abs","core","3","15","","","","","","","","","","","","",""
"Workout","2026-07-08","Abs","core","2","15","","","","","","","","","","","","",""
"Workout","2026-07-08","Abs","core","1","15","","","","","","","","","","","","","2026-07-08T05:39:00.246Z"
"Workout","2026-07-08","Tricep Dips","triceps","3","15","","","","","","","","","","","","",""
"Workout","2026-07-08","Tricep Dips","triceps","2","15","","","","","","","","","","","","",""
"Workout","2026-07-08","Tricep Dips","triceps","1","15","","","","","","","","","","","","","2026-07-08T05:38:43.669Z"
"Workout","2026-07-08","Abs","core","8","20","20","","","","","","","","","","","",""
"Workout","2026-07-08","Abs","core","7","10","20","","","","","","","","","","","",""
"Workout","2026-07-08","Abs","core","6","10","20","","","","","","","","","","","",""
"Workout","2026-07-08","Abs","core","5","30","10","","","","","","","","","","","",""
"Workout","2026-07-08","Abs","core","4","30","10","","","","","","","","","","","",""
"Workout","2026-07-08","Abs","core","3","20","10","","","","","","","","","","","",""
"Workout","2026-07-08","Abs","core","2","20","10","","","","","","","","","","","",""
"Workout","2026-07-08","Abs","core","1","15","","","","","","","","","","","","","2026-07-08T05:23:56.629Z"
"Nutrition","2026-07-07","Dinner","Dinner","","","","","","","245","15","26","9","","","1serving Lasagna","","2026-07-08T04:01:05.184Z"
"Nutrition","2026-07-07","Snack","Snack","","","","","","","190","4","26","8","12","","1serving Banana; 15g Peanuts","","2026-07-07T14:57:09.618Z"
"Nutrition","2026-07-07","Dinner","Dinner","","","","","","","368","7","35","22","26","","130g Tiramisu","","2026-07-07T14:55:20.551Z"
"Nutrition","2026-07-07","Dinner","Dinner","","","","","","","250","40","","2","","","200g Snapper","","2026-07-07T14:55:04.086Z"
"Nutrition","2026-07-07","Dinner","Dinner","","","","","","","326","11","15","14","2","","50g Burrata; 1serving White Wine (150ml); 20g Multigrain Sourdough","","2026-07-07T14:53:40.128Z"
"Nutrition","2026-07-07","Lunch","Lunch","","","","","","","230","10","45","","30","","500ml Coconut Water (250ml)","","2026-07-07T09:41:14.034Z"
"Nutrition","2026-07-07","Lunch","Lunch","","","","","","","512","33","44","21","","","150g Fried Chicken; 100g Yellow Rice (Cooked)","","2026-07-07T09:40:34.671Z"
"Nutrition","2026-07-07","Snack","Snack","","","","","","","253","11","50","","33","","550ml Coconut Water (250ml)","","2026-07-07T08:57:08.354Z"
"Nutrition","2026-07-07","Snack","Snack","","","","","","","124","","31","","31","","1serving Pocari Sweat (500ml can)","","2026-07-07T08:04:23.474Z"
"Nutrition","2026-07-07","Protein","Protein","","","","","","","382","49","31","2","14","","62g Whey Protein Powder; 10g Creatine (5g); 1serving Banana","","2026-07-07T07:17:37.353Z"
"Nutrition","2026-07-07","Breakfast","Breakfast","","","","","","","191","3","44","","16","","100g White Rice (Cooked); 20ml Honey","","2026-07-07T04:46:43.017Z"
"Nutrition","2026-07-07","Breakfast","Breakfast","","","","","","","80","4","8","3","7","","1serving Cappuccino","","2026-07-07T03:04:19.774Z"
"Nutrition","2026-07-07","Breakfast","Breakfast","","","","","","","869","33","95","42","34","","2serving Banana; 1serving Croissant; 1serving Scrambled Eggs (2); 15g Cheddar Cheese; 40g Ham","","2026-07-07T03:03:54.691Z"
"Workout","2026-07-07","Sauna","recovery","1","","","","11","11","","","","","","","","","2026-07-07T08:10:27.426Z"
"Workout","2026-07-07","Back","back","1","1","","","72","72","628","","","","","120","","","2026-07-07T07:05:26.820Z"
"Workout","2026-07-07","Plate Side Bends","core","3","20","32.5","","","","","","","","","","","",""
"Workout","2026-07-07","Plate Side Bends","core","2","24","32.5","","","","","","","","","","","",""
"Workout","2026-07-07","Plate Side Bends","core","1","24","30","","","","","","","","","","","Total - so half each side","2026-07-07T07:05:01.919Z"
"Workout","2026-07-07","Shoulder Shrugs","shoulders","3","18","30","","","","","","","","","","","",""
"Workout","2026-07-07","Shoulder Shrugs","shoulders","2","18","30","","","","","","","","","","","",""
"Workout","2026-07-07","Shoulder Shrugs","shoulders","1","17","30","","","","","","","","","","","","2026-07-07T06:56:14.826Z"
"Workout","2026-07-07","Rear Delt Fly Machine","shoulders","3","7","80","","","","","","","","","","","",""
"Workout","2026-07-07","Rear Delt Fly Machine","shoulders","2","8","80","","","","","","","","","","","",""
"Workout","2026-07-07","Rear Delt Fly Machine","shoulders","1","12","72.5","","","","","","","","","","","","2026-07-07T06:49:01.289Z"
"Workout","2026-07-07","Shoulder Press Machine","shoulders","3","10","50","","","","","","","","","","","",""
"Workout","2026-07-07","Shoulder Press Machine","shoulders","2","10","45","","","","","","","","","","","",""
"Workout","2026-07-07","Shoulder Press Machine","shoulders","1","12","45","","","","","","","","","","","","2026-07-07T06:42:13.443Z"
"Workout","2026-07-07","Rows Machine","back","4","8","67.5","","","","","","","","","","","",""
"Workout","2026-07-07","Rows Machine","back","3","7","75","","","","","","","","","","","",""
"Workout","2026-07-07","Rows Machine","back","2","10","67.5","","","","","","","","","","","",""
"Workout","2026-07-07","Rows Machine","back","1","11","67.5","","","","","","","","","","","","2026-07-07T06:30:48.996Z"
"Workout","2026-07-07","Lateral Raises Machine","shoulders","4","8","60","","","","","","","","","","","",""
"Workout","2026-07-07","Lateral Raises Machine","shoulders","3","9","60","","","","","","","","","","","",""
"Workout","2026-07-07","Lateral Raises Machine","shoulders","2","10","60","","","","","","","","","","","",""
"Workout","2026-07-07","Lateral Raises Machine","shoulders","1","12","50","","","","","","","","","","","","2026-07-07T06:19:46.563Z"
"Workout","2026-07-07","Close Grip Lat Pulldown","back","4","9","67.5","","","","","","","","","","","",""
"Workout","2026-07-07","Close Grip Lat Pulldown","back","3","10","60","","","","","","","","","","","",""
"Workout","2026-07-07","Close Grip Lat Pulldown","back","2","12","52.5","","","","","","","","","","","",""
"Workout","2026-07-07","Close Grip Lat Pulldown","back","1","12","52.5","","","","","","","","","","","","2026-07-07T06:10:40.378Z"
"Workout","2026-07-07","Lat Pulldown","back","4","7","90","","","","","","","","","","","",""
"Workout","2026-07-07","Lat Pulldown","back","3","7","90","","","","","","","","","","","",""
"Workout","2026-07-07","Lat Pulldown","back","2","11","82.5","","","","","","","","","","","",""
"Workout","2026-07-07","Lat Pulldown","back","1","10","52.5","","","","","","","","","","","","2026-07-07T06:01:27.453Z"
"Nutrition","2026-07-06","Dinner","Dinner","","","","","","","1353","65","134","59","47","","1.4serving Beef Burger; 25g Cheddar Cheese; 15g Parmesan Cheese; 600ml Coconut Water (250ml); 50g French Fries","","2026-07-06T12:19:06.319Z"
"Nutrition","2026-07-06","Breakfast","Breakfast","","","","","","","165","3","26","6","12","","50g Cinnamon Roll","","2026-07-06T11:11:36.593Z"
"Nutrition","2026-07-06","Lunch","Lunch","","","","","","","678","38","126","1","62","","100g Tuna (Fresh); 200g Mango; 150g Basmati Rice (Cooked); 600ml Coconut Water (250ml)","","2026-07-06T09:14:54.201Z"
"Nutrition","2026-07-06","Snack","Snack","","","","","","","291","49","10","3","2","","62g Whey Protein Powder; 5g Chia Seeds; 5g Creatine (5g)","","2026-07-06T08:31:43.675Z"
"Nutrition","2026-07-06","Breakfast","Breakfast","","","","","","","180","2","46","","24","","2serving Banana","","2026-07-06T05:01:25.751Z"
"Nutrition","2026-07-06","Breakfast","Breakfast","","","","","","","879","79","77","27","1","","175g White Rice (Cooked); 200g Chicken Breast; 1.3serving Scrambled Eggs (2); 10g Ricotta; 50g Rye Sourdough","","2026-07-06T02:47:19.267Z"
"Workout","2026-07-06","Beach Walks","recovery","1","","","","53","53","294","","","","","","","2.1 miles","2026-07-06T11:15:52.331Z"
"Workout","2026-07-06","Sauna","recovery","1","","","","13","13","80","","","","","105","","","2026-07-06T08:08:45.667Z"
"Workout","2026-07-06","PT - Meniscus","legs","1","1","","","27","27","152","","","","","88","","","2026-07-06T07:45:41.966Z"
"Workout","2026-07-06","Arms","biceps","1","1","","","65","65","413","","","","","97","","","2026-07-06T07:44:52.743Z"
"Workout","2026-07-06","Barbell Curls","biceps","3","10","30","","","","","","","","","","","",""
"Workout","2026-07-06","Barbell Curls","biceps","2","10","30","","","","","","","","","","","",""
"Workout","2026-07-06","Barbell Curls","biceps","1","12","30","","","","","","","","","","","","2026-07-06T07:13:39.531Z"
"Workout","2026-07-06","Abs - Cable Crunches","core","4","15","95","","","","","","","","","","","",""
"Workout","2026-07-06","Abs - Cable Crunches","core","3","15","95","","","","","","","","","","","",""
"Workout","2026-07-06","Abs - Cable Crunches","core","2","18","95","","","","","","","","","","","",""
"Workout","2026-07-06","Abs - Cable Crunches","core","1","18","95","","","","","","","","","","","","2026-07-06T07:13:21.298Z"
"Workout","2026-07-06","Incline Dumbbell Curl","biceps","4","14","16","","","","","","","","","","","",""
"Workout","2026-07-06","Incline Dumbbell Curl","biceps","3","16","16","","","","","","","","","","","",""
"Workout","2026-07-06","Incline Dumbbell Curl","biceps","2","20","16","","","","","","","","","","","",""
"Workout","2026-07-06","Incline Dumbbell Curl","biceps","1","22","16","","","","","","","","","","","","2026-07-06T06:58:07.893Z"
"Workout","2026-07-06","Overhead Tricep Extension","triceps","3","13","40","","","","","","","","","","","",""
"Workout","2026-07-06","Overhead Tricep Extension","triceps","2","13","40","","","","","","","","","","","",""
"Workout","2026-07-06","Overhead Tricep Extension","triceps","1","12","40","","","","","","","","","","","","2026-07-06T06:46:52.374Z"
"Workout","2026-07-06","Tricep Pulldowns","triceps","4","10","45","","","","","","","","","","","",""
"Workout","2026-07-06","Tricep Pulldowns","triceps","3","10","45","","","","","","","","","","","",""
"Workout","2026-07-06","Tricep Pulldowns","triceps","2","10","45","","","","","","","","","","","",""
"Workout","2026-07-06","Tricep Pulldowns","triceps","1","17","40","","","","","","","","","","","","2026-07-06T06:42:40.933Z"
"Workout","2026-07-06","Preacher Curls","biceps","3","11","30","","","","","","","","","","","",""
"Workout","2026-07-06","Preacher Curls","biceps","2","11","30","","","","","","","","","","","",""
"Workout","2026-07-06","Preacher Curls","biceps","1","12","30","","","","","","","","","","","","2026-07-06T06:37:27.631Z"
"Workout","2026-07-06","RDLs","legs","4","10","70","","","","","","","","","","","",""
"Workout","2026-07-06","RDLs","legs","3","12","60","","","","","","","","","","","",""
"Workout","2026-07-06","RDLs","legs","2","12","40","","","","","","","","","","","",""
"Workout","2026-07-06","RDLs","legs","1","10","20","","","","","","","","","","","","2026-07-06T06:30:30.931Z"
"Workout","2026-07-06","Hammer Curls","biceps","4","18","20","","","","","","","","","","","",""
"Workout","2026-07-06","Hammer Curls","biceps","3","18","20","","","","","","","","","","","",""
"Workout","2026-07-06","Hammer Curls","biceps","2","20","18","","","","","","","","","","","",""
"Workout","2026-07-06","Hammer Curls","biceps","1","20","16","","","","","","","","","","","","2026-07-06T06:14:21.075Z"
"Nutrition","2026-07-05","Dinner","Dinner","","","","","","","1720","124","138","69","38","","450g Chicken Thigh; 80g Pita Bread; 20g Olive Oil; 50g Garlic Bread; 600ml Coconut Water; 65g White Rice (Cooked)","","2026-07-05T10:20:31.682Z"
"Nutrition","2026-07-05","Protein","Protein","","","","","","","242","48","8","2","2","","62g Whey Protein Powder","","2026-07-05T09:17:15.102Z"
"Nutrition","2026-07-05","Snack","Snack","","","","","","","500","16","89","8","26","","1serving Banana; 120g White Bread; 150ml Milk (Whole)","","2026-07-05T06:43:45.249Z"
"Nutrition","2026-07-05","Breakfast","Breakfast","","","","","","","238","4","39","8","21","",".70serving Acai Bowl","","2026-07-05T06:42:07.761Z"
"Nutrition","2026-07-05","Breakfast","Breakfast","","","","","","","487","27","36","26","1","","1.5serving Scrambled Eggs (2); 30g Ricotta; 60g Sourdough Bread","","2026-07-05T06:41:53.375Z"
"Workout","2026-07-05","PT - Meniscus","other","1","","","","27","27","158","","","","","100","","","2026-07-05T10:33:32.683Z"
"Workout","2026-07-05","Indoor Cycle","cardio","1","","","","15","15","141","","","","","119","","","2026-07-05T10:32:28.140Z"
"Workout","2026-07-05","Sauna","recovery","1","","","","12","12","","","","","","","","","2026-07-05T10:31:40.448Z"
"Workout","2026-07-05","Chest","chest","1","1","","","30","30","186","","","","","96","","","2026-07-05T10:31:27.616Z"
"Workout","2026-07-05","Leg Extension","legs","4","15","15","","","","","","","","","","","",""
"Workout","2026-07-05","Leg Extension","legs","3","15","15","","","","","","","","","","","",""
"Workout","2026-07-05","Leg Extension","legs","2","15","15","","","","","","","","","","","",""
"Workout","2026-07-05","Leg Extension","legs","1","15","15","","","","","","","","","","","Miniscus","2026-07-05T08:01:46.473Z"
"Workout","2026-07-05","Fly Machine","chest","4","10","102.5","","","","","","","","","","","",""
"Workout","2026-07-05","Fly Machine","chest","3","10","110","","","","","","","","","","","",""
"Workout","2026-07-05","Fly Machine","chest","2","10","110","","","","","","","","","","","",""
"Workout","2026-07-05","Fly Machine","chest","1","12","102.5","","","","","","","","","","","","2026-07-05T07:59:47.438Z"
"Workout","2026-07-05","Chest Press Decline Machine","chest","3","10","70","","","","","","","","","","","",""
"Workout","2026-07-05","Chest Press Decline Machine","chest","2","10","70","","","","","","","","","","","",""
"Workout","2026-07-05","Chest Press Decline Machine","chest","1","15","50","","","","","","","","","","","","2026-07-05T07:45:16.449Z"
"Workout","2026-07-05","Standing Chest Flies","chest","4","13","125","","","","","","","","","","","",""
"Workout","2026-07-05","Standing Chest Flies","chest","3","13","125","","","","","","","","","","","",""
"Workout","2026-07-05","Standing Chest Flies","chest","2","15","125","","","","","","","","","","","",""
"Workout","2026-07-05","Standing Chest Flies","chest","1","15","125","","","","","","","","","","","","2026-07-05T07:36:35.086Z"
"Nutrition","2026-07-04","Dinner","Dinner","","","","","","","616","4","52","","","","4serving Beer (350ml Regular)","","2026-07-05T06:40:40.705Z"
"Nutrition","2026-07-04","Dinner","Dinner","","","","","","","1219","103","42","71","8","","1serving Beef Burger; 250g Beef Patty; 50g Tuna (Fresh)","","2026-07-05T06:40:15.005Z"
"Nutrition","2026-07-04","Snack","Snack","","","","","","","121","24","4","1","1","","31g Whey Protein Powder","","2026-07-04T08:18:33.278Z"
"Nutrition","2026-07-04","Lunch","Lunch","","","","","","","340","6","56","11","30","","1serving Acai Bowl","","2026-07-04T08:18:25.368Z"
"Nutrition","2026-07-04","Breakfast","Breakfast","","","","","","","90","1","23","","12","","1serving Banana","","2026-07-04T03:45:03.729Z"
"Nutrition","2026-07-04","Breakfast","Breakfast","","","","","","","1249","63","76","75","10","","1.3serving Beef Burger; 35g Bacon; 50g French Fries; 50g Cheddar Cheese","","2026-07-04T03:44:53.471Z"
"Nutrition","2026-07-03","Snack","Snack","","","","","","","90","1","23","","12","","1serving Banana","","2026-07-04T03:21:10.118Z"
"Nutrition","2026-07-03","Dinner","Dinner","","","","","","","533","41","30","27","2","","50g Wagyu Beef; 30g White Bread; 50g Tuna (Fresh); 25g Scallops (Cooked); 50g Chicken Thigh; 50g White Rice (Cooked)","","2026-07-04T03:20:04.183Z"
"Nutrition","2026-07-03","Snack","Snack","","","","","","","553","45","40","23","","","100g Chicken Thigh; 100g Fried Chicken; 100g Yellow Rice","","2026-07-03T10:46:24.674Z"
"Nutrition","2026-07-03","Protein","Protein","","","","","","","291","49","10","3","2","","62g Whey Protein Powder; 5g Chia Seeds; 5g Creatine (5g)","","2026-07-03T08:33:37.741Z"
"Nutrition","2026-07-03","Lunch","Lunch","","","","","","","874","47","82","40","13","","148g Salmon; 150g Tuna Sushi Roll; 1serving Croissant","","2026-07-03T05:45:21.586Z"
"Nutrition","2026-07-03","Breakfast","Breakfast","","","","","","","768","28","99","29","3","","1serving Scrambled Eggs (2); 10g Feta Cheese; 80g Avocado; 75g Sourdough Bread; 170g White Rice (Cooked); 10g Red Onion","","2026-07-03T01:52:14.832Z"
"Workout","2026-07-03","Back","back","1","1","","","48","48","373","","","","","110","","","2026-07-05T13:09:29.726Z"
"Workout","2026-07-03","Abs - Cable Crunches","core","4","15","95","","","","","","","","","","","",""
"Workout","2026-07-03","Abs - Cable Crunches","core","3","15","95","","","","","","","","","","","",""
"Workout","2026-07-03","Abs - Cable Crunches","core","2","18","95","","","","","","","","","","","",""
"Workout","2026-07-03","Abs - Cable Crunches","core","1","20","87.5","","","","","","","","","","","","2026-07-03T04:03:08.623Z"
"Workout","2026-07-03","Plate Side Bends","core","3","20","32.5","","","","","","","","","","","",""
"Workout","2026-07-03","Plate Side Bends","core","2","20","32.5","","","","","","","","","","","",""
"Workout","2026-07-03","Plate Side Bends","core","1","20","30","","","","","","","","","","","","2026-07-03T03:54:49.543Z"
"Workout","2026-07-03","Dumbbell Rows","back","4","20","30","","","","","","","","","","","",""
"Workout","2026-07-03","Dumbbell Rows","back","3","20","30","","","","","","","","","","","",""
"Workout","2026-07-03","Dumbbell Rows","back","2","20","26","","","","","","","","","","","",""
"Workout","2026-07-03","Dumbbell Rows","back","1","16","18","","","","","","","","","","","Total reps - half for each side","2026-07-03T03:48:32.653Z"
"Workout","2026-07-03","Lat Pulldown","back","4","6","90","","","","","","","","","","","",""
"Workout","2026-07-03","Lat Pulldown","back","3","6","90","","","","","","","","","","","",""
"Workout","2026-07-03","Lat Pulldown","back","2","9","82.5","","","","","","","","","","","",""
"Workout","2026-07-03","Lat Pulldown","back","1","10","75","","","","","","","","","","","","2026-07-03T03:33:02.788Z"
"Workout","2026-07-03","Rows Machine","back","4","9","67.5","","","","","","","","","","","",""
"Workout","2026-07-03","Rows Machine","back","3","10","67.5","","","","","","","","","","","",""
"Workout","2026-07-03","Rows Machine","back","2","10","67.5","","","","","","","","","","","",""
"Workout","2026-07-03","Rows Machine","back","1","15","45","","","","","","","","","","","","2026-07-03T03:21:06.493Z"
"Nutrition","2026-07-02","Dinner","Dinner","","","","","","","1100","49","118","47","45","","1serving Beef Burger; 50g Avocado; 1serving Boiled Egg; 600ml Coconut Water; 40g French Fries","","2026-07-02T14:02:40.974Z"
"Nutrition","2026-07-02","Snack","Snack","","","","","","","88","","","10","","","10g Olive Oil","","2026-07-02T09:19:38.551Z"
"Nutrition","2026-07-02","Lunch","Lunch","","","","","","","930","69","94","28","2","","250g Chicken Thigh; 100g Pita Bread; 100g White Rice (Cooked); 25g Garlic Bread","","2026-07-02T09:18:18.356Z"
"Nutrition","2026-07-02","Lunch","Lunch","","","","","","","658","39","67","25","6","","100g Lamb; 100g Pita; 100g Tomato; 100g Caesar Salad","","2026-07-02T05:49:54.522Z"
"Nutrition","2026-07-02","Breakfast","Breakfast","","","","","","","223","6","27","11","13","","1serving Banana; 20g Peanuts","","2026-07-02T04:25:57.137Z"
"Nutrition","2026-07-02","Breakfast","Breakfast","","","","","","","291","49","10","3","2","","62g Whey Protein Powder; 5g Creatine (5g); 5g Chia Seeds","","2026-07-02T04:25:36.452Z"
"Workout","2026-07-02","Arms","biceps","1","1","","","45","45","302","","","","","102","","","2026-07-02T07:31:47.746Z"
"Workout","2026-07-02","Incline Dumbbell Curl","biceps","4","12","16","","","","","","","","","","","",""
"Workout","2026-07-02","Incline Dumbbell Curl","biceps","3","14","16","","","","","","","","","","","",""
"Workout","2026-07-02","Incline Dumbbell Curl","biceps","2","16","16","","","","","","","","","","","",""
"Workout","2026-07-02","Incline Dumbbell Curl","biceps","1","20","16","","","","","","","","","","","","2026-07-02T07:31:22.394Z"
"Workout","2026-07-02","Rear Delt Fly Machine","shoulders","3","9","80","","","","","","","","","","","",""
"Workout","2026-07-02","Rear Delt Fly Machine","shoulders","2","10","80","","","","","","","","","","","",""
"Workout","2026-07-02","Rear Delt Fly Machine","shoulders","1","12","72.5","","","","","","","","","","","","2026-07-02T07:20:04.164Z"
"Workout","2026-07-02","Hammer Curls","biceps","4","16","20","","","","","","","","","","","",""
"Workout","2026-07-02","Hammer Curls","biceps","3","16","20","","","","","","","","","","","",""
"Workout","2026-07-02","Hammer Curls","biceps","2","16","20","","","","","","","","","","","",""
"Workout","2026-07-02","Hammer Curls","biceps","1","20","16","","","","","","","","","","","","2026-07-02T07:13:40.594Z"
"Workout","2026-07-02","Pull-ups","back","4","10","","","","","","","","","","","","",""
"Workout","2026-07-02","Pull-ups","back","3","12","","","","","","","","","","","","",""
"Workout","2026-07-02","Pull-ups","back","2","10","","","","","","","","","","","","",""
"Workout","2026-07-02","Pull-ups","back","1","10","","","","","","","","","","","","","2026-07-02T07:01:26.207Z"
"Workout","2026-07-02","Cable Lateral Raise","shoulders","4","10","15","","","","","","","","","","","",""
"Workout","2026-07-02","Cable Lateral Raise","shoulders","3","10","15","","","","","","","","","","","",""
"Workout","2026-07-02","Cable Lateral Raise","shoulders","2","8","15","","","","","","","","","","","",""
"Workout","2026-07-02","Cable Lateral Raise","shoulders","1","10","10","","","","","","","","","","","","2026-07-02T06:56:26.320Z"
"Nutrition","2026-07-01","Snack","Snack","","","","","","","45","1","12","","6","",".5serving Banana","","2026-07-01T12:47:23.373Z"
"Nutrition","2026-07-01","Snack","Snack","","","","","","","140","2","13","9","10","","1serving Mini Magnum","","2026-07-01T12:47:12.850Z"
"Nutrition","2026-07-01","Dinner","Dinner","","","","","","","470","32","20","30","","","1serving Chicken Karaage","","2026-07-01T12:46:23.881Z"
"Nutrition","2026-07-01","Dinner","Dinner","","","","","","","900","40","75","48","","","1serving Chachu Ramen","","2026-07-01T12:45:47.137Z"
"Nutrition","2026-07-01","Lunch","Lunch","","","","","","","1027","67","96","42","35","","100g Chicken Breast; 100g Beef Patty; 80g Avocado; 150g Basmati Rice (Cooked); 10g Olive Oil; 100g Mango; 350ml Coconut Water (250ml)","","2026-07-01T08:00:04.256Z"
"Nutrition","2026-07-01","Protein","Protein","","","","","","","291","49","10","3","2","","62g Whey Protein Powder; 5g Creatine (5g); 5g Chia Seeds","","2026-07-01T06:12:49.161Z"
"Nutrition","2026-07-01","Breakfast","Breakfast","","","","","","","180","2","46","","24","","2serving Banana","","2026-07-01T04:47:17.567Z"
"Nutrition","2026-07-01","Breakfast","Breakfast","","","","","","","750","32","75","40","","","1serving Breakfast Burger","","2026-07-01T04:47:08.650Z"
"Workout","2026-07-01","Ice Bath","recovery","1","","","","2","2","","","","","","","","","2026-07-01T07:58:20.523Z"
"Workout","2026-07-01","Sauna","recovery","1","","","","11","11","","","","","","","","","2026-07-01T07:43:59.943Z"
"Workout","2026-07-01","Legs","legs","1","1","","","35","35","240","","","","","105","","","2026-07-01T05:58:28.582Z"
"Workout","2026-07-01","Chest","chest","1","1","","","35","35","240","","","","","105","","","2026-07-01T05:58:10.646Z"
"Workout","2026-07-01","RDLs","legs","3","10","60","","","","","","","","","","","",""
"Workout","2026-07-01","RDLs","legs","2","10","40","","","","","","","","","","","",""
"Workout","2026-07-01","RDLs","legs","1","10","20","","","","","","","","","","","","2026-07-01T05:57:54.993Z"
"Workout","2026-07-01","Fly Decline Machine","chest","3","10","80","","","","","","","","","","","",""
"Workout","2026-07-01","Fly Decline Machine","chest","2","10","80","","","","","","","","","","","",""
"Workout","2026-07-01","Fly Decline Machine","chest","1","10","80","","","","","","","","","","","","2026-07-01T05:48:08.376Z"
"Workout","2026-07-01","Bench Press Machine","chest","5","10","80","","","","","","","","","","","",""
"Workout","2026-07-01","Bench Press Machine","chest","4","7","120","","","","","","","","","","","",""
"Workout","2026-07-01","Bench Press Machine","chest","3","8","120","","","","","","","","","","","",""
"Workout","2026-07-01","Bench Press Machine","chest","2","9","120","","","","","","","","","","","",""
"Workout","2026-07-01","Bench Press Machine","chest","1","10","80","","","","","","","","","","","","2026-07-01T05:37:05.693Z"
"Workout","2026-07-01","Calf Raises","legs","4","13","70","","","","","","","","","","","",""
"Workout","2026-07-01","Calf Raises","legs","3","12","70","","","","","","","","","","","",""
"Workout","2026-07-01","Calf Raises","legs","2","20","60","","","","","","","","","","","",""
"Workout","2026-07-01","Calf Raises","legs","1","25","40","","","","","","","","","","","","2026-07-01T05:24:41.006Z"
"Workout","2026-07-01","Hip Abductor Machine","legs","4","10","95","","","","","","","","","","","",""
"Workout","2026-07-01","Hip Abductor Machine","legs","3","10","95","","","","","","","","","","","",""
"Workout","2026-07-01","Hip Abductor Machine","legs","2","12","95","","","","","","","","","","","",""
"Workout","2026-07-01","Hip Abductor Machine","legs","1","15","87.5","","","","","","","","","","","","2026-07-01T05:14:14.483Z"
"Workout","2026-07-01","Hip Adductors","legs","4","9","50","","","","","","","","","","","",""
"Workout","2026-07-01","Hip Adductors","legs","3","6","57.5","","","","","","","","","","","",""
"Workout","2026-07-01","Hip Adductors","legs","2","10","57.5","","","","","","","","","","","",""
"Workout","2026-07-01","Hip Adductors","legs","1","15","50","","","","","","","","","","","","2026-07-01T05:08:14.574Z"
"Workout","2026-07-01","Standing Chest Flies","chest","4","12","125","","","","","","","","","","","",""
"Workout","2026-07-01","Standing Chest Flies","chest","3","13","125","","","","","","","","","","","",""
"Workout","2026-07-01","Standing Chest Flies","chest","2","13","125","","","","","","","","","","","",""
"Workout","2026-07-01","Standing Chest Flies","chest","1","15","125","","","","","","","","","","","","2026-07-01T04:51:22.381Z"
"Nutrition","2026-06-30","Snack","Snack","","","","","","","212","3","38","6","24","","1serving Banana; .25serving Snickers Bar","","2026-06-30T17:17:41.600Z"
"Nutrition","2026-06-30","Supplements","Supplements","","","","","","","4","","","","","",".5g Magnesium Glycinate","500 mg","2026-06-30T17:16:57.304Z"
"Nutrition","2026-06-30","Snack","Snack","","","","","","","124","","31","","31","","1serving Pocari Sweat (500ml can)","","2026-06-30T13:44:13.131Z"
"Nutrition","2026-06-30","Dinner","Dinner","","","","","","","428","18","54","15","5","","1.5serving Pizza Slice","","2026-06-30T12:13:38.792Z"
"Nutrition","2026-06-30","Dinner","Dinner","","","","","","","556","52","46","18","6","","250g Grass-fed Tenderloin; 125g White Rice (Cooked); 50g Carrot; 50g Pineapple","","2026-06-30T11:43:34.364Z"
"Nutrition","2026-06-30","Lunch","Lunch","","","","","","","90","1","23","","12","","1serving Banana","","2026-06-30T08:33:49.620Z"
"Nutrition","2026-06-30","Lunch","Lunch","","","","","","","1366","96","94","67","46","","450ml Coconut Water (250ml); 200g Chicken Thigh; 150g Beef Patty; 100g Sweet Potato Fries; 10g Olive Oil; 100g Mango","","2026-06-30T08:32:57.308Z"
"Nutrition","2026-06-30","Supplements","Supplements","","","","","","","3","","","","","","1serving Vitamin D3","3000 IU","2026-06-30T05:03:20.951Z"
"Nutrition","2026-06-30","Breakfast","Breakfast","","","","","","","170","5","31","3","19","","1serving Banana; 1serving Cappuccino","","2026-06-30T04:48:05.934Z"
"Nutrition","2026-06-30","Breakfast","Breakfast","","","","","","","734","30","61","41","3","","1serving Scrambled Eggs (2); 25g Bacon; 50g Potato Wedges; 40g Avocado; .75serving Tortilla (Flour)","","2026-06-30T04:47:49.064Z"
"Workout","2026-06-30","Back","back","1","1","","","61","61","400","","","","","101","","","2026-06-30T06:41:30.796Z"
"Workout","2026-06-30","Rear Delt Fly Machine","shoulders","4","7","80","","","","","","","","","","","",""
"Workout","2026-06-30","Rear Delt Fly Machine","shoulders","3","8","80","","","","","","","","","","","",""
"Workout","2026-06-30","Rear Delt Fly Machine","shoulders","2","8","80","","","","","","","","","","","",""
"Workout","2026-06-30","Rear Delt Fly Machine","shoulders","1","12","72.5","","","","","","","","","","","","2026-06-30T06:40:40.112Z"
"Workout","2026-06-30","Abs - Cable Crunches","core","4","20","87.5","","","","","","","","","","","",""
"Workout","2026-06-30","Abs - Cable Crunches","core","3","25","87.5","","","","","","","","","","","",""
"Workout","2026-06-30","Abs - Cable Crunches","core","2","20","87.5","","","","","","","","","","","",""
"Workout","2026-06-30","Abs - Cable Crunches","core","1","25","80","","","","","","","","","","","","2026-06-30T06:33:44.223Z"
"Workout","2026-06-30","Shoulder Shrugs","shoulders","4","16","30","","","","","","","","","","","",""
"Workout","2026-06-30","Shoulder Shrugs","shoulders","3","16","30","","","","","","","","","","","",""
"Workout","2026-06-30","Shoulder Shrugs","shoulders","2","13","30","","","","","","","","","","","",""
"Workout","2026-06-30","Shoulder Shrugs","shoulders","1","20","26","","","","","","","","","","","","2026-06-30T06:05:54.295Z"
"Workout","2026-06-30","Face Pull","shoulders","4","12","65","","","","","","","","","","","",""
"Workout","2026-06-30","Face Pull","shoulders","3","12","65","","","","","","","","","","","",""
"Workout","2026-06-30","Face Pull","shoulders","2","15","57.5","","","","","","","","","","","",""
"Workout","2026-06-30","Face Pull","shoulders","1","15","50","","","","","","","","","","","","2026-06-30T06:03:26.328Z"
"Workout","2026-06-30","Rows Machine","back","4","8","67.5","","","","","","","","","","","",""
"Workout","2026-06-30","Rows Machine","back","3","9","67.5","","","","","","","","","","","",""
"Workout","2026-06-30","Rows Machine","back","2","10","67.5","","","","","","","","","","","",""
"Workout","2026-06-30","Rows Machine","back","1","10","60","","","","","","","","","","","","2026-06-30T05:47:44.067Z"
"Workout","2026-06-30","Lat Pulldown","back","4","8","82.5","","","","","","","","","","","",""
"Workout","2026-06-30","Lat Pulldown","back","3","9","82.5","","","","","","","","","","","",""
"Workout","2026-06-30","Lat Pulldown","back","2","9","82.5","","","","","","","","","","","",""
"Workout","2026-06-30","Lat Pulldown","back","1","12","67.5","","","","","","","","","","","","2026-06-30T05:38:43.242Z"
"Nutrition","2026-06-29","Dinner","Dinner","","","","","","","1375","67","123","65","47","","1serving Beef Burger; 1serving Boiled Egg; 25g Cheddar Cheese; 50g Cheddar Cheese; 50g French Fries; 650ml Coconut Water (250ml)","","2026-06-29T12:29:52.514Z"
"Nutrition","2026-06-29","Lunch","Lunch","","","","","","","662","49","83","21","35","","200g Chicken Thigh; 100g Red Rice (Cooked); 75g Stir Fry Vegetables; 1serving Pocari Sweat (500ml can)","","2026-06-29T08:06:57.471Z"
"Nutrition","2026-06-29","Breakfast","Breakfast","","","","","","","90","1","23","","12","","1serving Banana","","2026-06-29T07:33:40.068Z"
"Nutrition","2026-06-29","Breakfast","Breakfast","","","","","","","720","31","56","41","17","","1serving Croissant; 1serving Scrambled Eggs (2); 25g Prosciutto; 1serving Cappuccino","","2026-06-29T07:33:32.228Z"
"Nutrition","2026-06-29","Breakfast","Breakfast","","","","","","","401","38","28","16","9","","75g Greek Yogurt (Plain); 20g Granola; 3g Spirulina Powder; 10g Coconut Flakes (Unsweetened); 50ml Milk (Whole); 31g Whey Protein Powder; 5g Chia Seeds","","2026-06-29T07:32:47.303Z"
"Workout","2026-06-29","Arms","biceps","1","1","","","83","83","571","","","","","107","","","2026-06-29T11:39:25.100Z"
"Workout","2026-06-29","Preacher Curls","biceps","3","7","30","","","","","","","","","","","",""
"Workout","2026-06-29","Preacher Curls","biceps","2","7","30","","","","","","","","","","","",""
"Workout","2026-06-29","Preacher Curls","biceps","1","10","25","","","","","","","","","","","","2026-06-29T11:38:53.510Z"
"Workout","2026-06-29","Tricep Dip Machine","triceps","4","12","87.5","","","","","","","","","","","",""
"Workout","2026-06-29","Tricep Dip Machine","triceps","3","12","87.5","","","","","","","","","","","",""
"Workout","2026-06-29","Tricep Dip Machine","triceps","2","10","87.5","","","","","","","","","","","",""
"Workout","2026-06-29","Tricep Dip Machine","triceps","1","15","72.5","","","","","","","","","","","","2026-06-29T11:31:42.163Z"
"Workout","2026-06-29","Tricep Pushdowns","triceps","4","12","65","","","","","","","","","","","",""
"Workout","2026-06-29","Tricep Pushdowns","triceps","3","11","65","","","","","","","","","","","",""
"Workout","2026-06-29","Tricep Pushdowns","triceps","2","15","57.5","","","","","","","","","","","",""
"Workout","2026-06-29","Tricep Pushdowns","triceps","1","15","57.5","","","","","","","","","","","","2026-06-29T11:18:19.983Z"
"Workout","2026-06-29","Hammer Curls","biceps","4","20","17.5","","","","","","","","","","","",""
"Workout","2026-06-29","Hammer Curls","biceps","3","20","17.5","","","","","","","","","","","",""
"Workout","2026-06-29","Hammer Curls","biceps","2","18","17.5","","","","","","","","","","","",""
"Workout","2026-06-29","Hammer Curls","biceps","1","18","17.5","","","","","","","","","","","","2026-06-29T11:08:40.549Z"
"Workout","2026-06-29","Incline Dumbbell Curl","biceps","4","14","15","","","","","","","","","","","",""
"Workout","2026-06-29","Incline Dumbbell Curl","biceps","3","14","15","","","","","","","","","","","",""
"Workout","2026-06-29","Incline Dumbbell Curl","biceps","2","10","17.5","","","","","","","","","","","",""
"Workout","2026-06-29","Incline Dumbbell Curl","biceps","1","14","17.5","","","","","","","","","","","","2026-06-29T10:57:58.930Z"
"Workout","2026-06-29","Barbell Curls","biceps","4","7","40","","","","","","","","","","","",""
"Workout","2026-06-29","Barbell Curls","biceps","3","8","40","","","","","","","","","","","",""
"Workout","2026-06-29","Barbell Curls","biceps","2","8","40","","","","","","","","","","","",""
"Workout","2026-06-29","Barbell Curls","biceps","1","8","20","","","","","","","","","","","","2026-06-29T10:50:01.391Z"
"Workout","2026-06-29","Abs","core","6","15","","","","","","","","","","","","",""
"Workout","2026-06-29","Abs","core","5","15","","","","","","","","","","","","",""
"Workout","2026-06-29","Abs","core","4","15","","","","","","","","","","","","",""
"Workout","2026-06-29","Abs","core","3","10","","","","","","","","","","","","",""
"Workout","2026-06-29","Abs","core","2","10","","","","","","","","","","","","",""
"Workout","2026-06-29","Abs","core","1","10","","","","","","","","","","","","","2026-06-29T10:37:50.893Z"
"Workout","2026-06-29","Pull-ups","back","4","7","20","","","","","","","","","","","",""
"Workout","2026-06-29","Pull-ups","back","3","7","20","","","","","","","","","","","",""
"Workout","2026-06-29","Pull-ups","back","2","10","10","","","","","","","","","","","",""
"Workout","2026-06-29","Pull-ups","back","1","12","","","","","","","","","","","","","2026-06-29T10:37:25.309Z"
"Nutrition","2026-06-28","Supplements","Supplements","","","","","","","4","","","","","",".5g Magnesium","500 mg","2026-06-28T16:12:07.744Z"
"Nutrition","2026-06-28","Dinner","Dinner","","","","","","","750","33","96","27","12","","300g Margherita Pizza","","2026-06-28T15:57:00.621Z"
"Nutrition","2026-06-28","Protein","Protein","","","","","","","242","48","8","2","2","","62g Whey Protein Powder","","2026-06-28T12:06:48.775Z"
"Nutrition","2026-06-28","Lunch","Lunch","","","","","","","1337","117","109","43","3","","450g Chicken Thigh; 100g Pita Bread; 100g Sourdough Bread","","2026-06-28T11:55:16.272Z"
"Nutrition","2026-06-28","Breakfast","Breakfast","","","","","","","90","1","23","","12","","1serving Banana","","2026-06-28T11:54:44.359Z"
"Nutrition","2026-06-28","Breakfast","Breakfast","","","","","","","80","4","8","3","7","","1serving Cappuccino","","2026-06-28T11:54:24.860Z"
"Nutrition","2026-06-28","Breakfast","Breakfast","","","","","","","179","12","29","2","21","","50g Dragonfruit; 50g Pineapple; 50g Mango; 50g Papaya; 100g Greek Yogurt (Plain)","","2026-06-28T11:54:13.896Z"
"Nutrition","2026-06-28","Breakfast","Breakfast","","","","","","","111","5","15","3","9","","1serving Cappuccino; 25ml Ginger Root; 25ml Beetroot","","2026-06-28T11:53:47.340Z"
"Nutrition","2026-06-28","Breakfast","Breakfast","","","","","","","648","45","53","27","3","","90g Sourdough Bread; 1serving Scrambled Eggs (2); 50g Ham; 60g Mozzarella","","2026-06-28T11:53:32.805Z"
"Workout","2026-06-28","Incline Dumbbell Curl","biceps","4","10","15","","","","","","","","","","","",""
"Workout","2026-06-28","Incline Dumbbell Curl","biceps","3","12","15","","","","","","","","","","","",""
"Workout","2026-06-28","Incline Dumbbell Curl","biceps","2","14","15","","","","","","","","","","","",""
"Workout","2026-06-28","Incline Dumbbell Curl","biceps","1","16","15","","","","","","","","","","","","2026-06-28T07:06:29.896Z"
"Workout","2026-06-28","Pull-ups","back","5","10","","","","","","","","","","","","",""
"Workout","2026-06-28","Pull-ups","back","4","10","","","","","","","","","","","","",""
"Workout","2026-06-28","Pull-ups","back","3","10","","","","","","","","","","","","",""
"Workout","2026-06-28","Pull-ups","back","2","10","","","","","","","","","","","","",""
"Workout","2026-06-28","Pull-ups","back","1","10","","","","","","","","","","","","","2026-06-28T07:05:40.550Z"
"Workout","2026-06-28","Hammer Curls","biceps","4","18","18","","","","","","","","","","","",""
"Workout","2026-06-28","Hammer Curls","biceps","3","18","18","","","","","","","","","","","",""
"Workout","2026-06-28","Hammer Curls","biceps","2","18","18","","","","","","","","","","","",""
"Workout","2026-06-28","Hammer Curls","biceps","1","18","18","","","","","","","","","","","","2026-06-28T07:05:26.551Z"
"Nutrition","2026-06-27","Snack","Snack","","","","","","","90","1","23","","12","","1serving Banana","","2026-06-27T13:33:48.549Z"
"Nutrition","2026-06-27","Dinner","Dinner","","","","","","","617","49","66","16","3","","150g Chicken Breast; 50g French Fries; 75g Pita Bread; 50g Greek Salad","","2026-06-27T13:12:51.823Z"
"Nutrition","2026-06-27","Snack","Snack","","","","","","","254","9","32","11","20","","1serving Banana; 15g Peanut Butter; 125ml Milk (Whole)","","2026-06-27T07:32:23.455Z"
"Nutrition","2026-06-27","Protein","Protein","","","","","","","316","49","10","3","2","","62g Whey Protein Powder; 5g Chia Seeds; 10g Creatine (5g)","","2026-06-27T06:30:17.852Z"
"Nutrition","2026-06-27","Lunch","Lunch","","","","","","","675","66","60","19","43","","150g Tuna (Fresh); 100g Beef Patty; 100g Mango; 500ml Coconut Water (250ml)","","2026-06-27T06:29:34.898Z"
"Nutrition","2026-06-27","Supplements","Supplements","","","","","","","3","","","","","","1serving Vitamin D3","3000 IU","2026-06-27T02:31:38.350Z"
"Nutrition","2026-06-27","Breakfast","Breakfast","","","","","","","748","37","101","37","13","","1.5serving Scrambled Eggs (2); 65g Grilled Tempeh; 150g Red Rice (Cooked); 1serving Banana; 50g Avocado","","2026-06-27T01:48:33.136Z"
"Workout","2026-06-27","Shoulder Shrugs","shoulders","3","15","20","","","","","","","","","","","",""
"Workout","2026-06-27","Shoulder Shrugs","shoulders","2","15","20","","","","","","","","","","","",""
"Workout","2026-06-27","Shoulder Shrugs","shoulders","1","15","20","","","","","","","","","","","","2026-06-30T05:54:16.430Z"
"Workout","2026-06-27","Sauna","recovery","1","","","","10","10","","","","","","","","","2026-06-27T09:13:03.034Z"
"Workout","2026-06-27","Shoulders","shoulders","1","1","","1","18","78","635","","","","","118","","","2026-06-27T09:12:53.057Z"
"Workout","2026-06-27","Arnold Dumbbell Press","shoulders","4","10","18","","","","","","","","","","","",""
"Workout","2026-06-27","Arnold Dumbbell Press","shoulders","3","10","18","","","","","","","","","","","",""
"Workout","2026-06-27","Arnold Dumbbell Press","shoulders","2","10","18","","","","","","","","","","","",""
"Workout","2026-06-27","Arnold Dumbbell Press","shoulders","1","10","18","","","","","","","","","","","","2026-06-27T04:08:14.455Z"
"Workout","2026-06-27","Rear Delt Fly Machine","shoulders","4","10","72.5","","","","","","","","","","","",""
"Workout","2026-06-27","Rear Delt Fly Machine","shoulders","3","10","72.5","","","","","","","","","","","",""
"Workout","2026-06-27","Rear Delt Fly Machine","shoulders","2","10","72.5","","","","","","","","","","","",""
"Workout","2026-06-27","Rear Delt Fly Machine","shoulders","1","10","72.5","","","","","","","","","","","","2026-06-27T03:50:22.330Z"
"Workout","2026-06-27","Lateral Raises Machine","shoulders","4","14","35","","","","","","","","","","","",""
"Workout","2026-06-27","Lateral Raises Machine","shoulders","3","14","35","","","","","","","","","","","",""
"Workout","2026-06-27","Lateral Raises Machine","shoulders","2","16","35","","","","","","","","","","","",""
"Workout","2026-06-27","Lateral Raises Machine","shoulders","1","16","35","","","","","","","","","","","2 hands","2026-06-27T03:37:47.538Z"
"Workout","2026-06-27","Shoulder Flies","shoulders","4","10","20","","","","","","","","","","","",""
"Workout","2026-06-27","Shoulder Flies","shoulders","3","10","20","","","","","","","","","","","",""
"Workout","2026-06-27","Shoulder Flies","shoulders","2","10","20","","","","","","","","","","","",""
"Workout","2026-06-27","Shoulder Flies","shoulders","1","15","10","","","","","","","","","","","","2026-06-27T03:24:41.051Z"
"Nutrition","2026-06-26","Snack","Snack","","","","","","","156","2","21","8","","","50g French Fries","","2026-06-26T14:44:10.712Z"
"Nutrition","2026-06-26","Snack","Snack","","","","","","","140","2","13","9","10","","1serving Mini Magnum","","2026-06-26T14:38:10.937Z"
"Nutrition","2026-06-26","Dinner","Dinner","","","","","","","269","10","57","","38","","75g Watermelon; 75g Papaya; 50g Dragonfruit; 400ml Coconut Water (250ml)","","2026-06-26T14:36:46.111Z"
"Nutrition","2026-06-26","Dinner","Dinner","","","","","","","540","28","42","28","8","","1serving Beef Burger","","2026-06-26T14:35:48.531Z"
"Nutrition","2026-06-26","Protein","Protein","","","","","","","297","50","13","5","4","","62g Whey Protein Powder; 5g Chia Seeds; 50ml Milk (Whole)","","2026-06-26T09:45:55.835Z"
"Nutrition","2026-06-26","Supplements","Supplements","","","","","","","3","","","","","","1serving Vitamin D3","3000 IU","2026-06-26T05:57:12.555Z"
"Nutrition","2026-06-26","Lunch","Lunch","","","","","","","894","69","102","25","49","","180g Sweet Potato; 125g Avocado; 200g Chicken Breast; 125g Mango; 400ml Coconut Water (250ml)","","2026-06-26T05:33:16.115Z"
"Nutrition","2026-06-26","Breakfast","Breakfast","","","","","","","692","32","73","31","26","","1serving Scrambled Eggs (2); 25g French Toast; 25g Pancakes (2); 40g White Bread Slice; 30g Bacon; 15g Dragonfruit; 30g Pineapple; 20g Papaya; 1serving Banana","","2026-06-26T05:19:54.482Z"
"Workout","2026-06-26","Arms","biceps","1","1","","","60","60","472","","","","","114","","","2026-06-26T09:59:42.352Z"
"Workout","2026-06-26","Barbell Curls","biceps","3","8","30","","","","","","","","","","","",""
"Workout","2026-06-26","Barbell Curls","biceps","2","8","30","","","","","","","","","","","",""
"Workout","2026-06-26","Barbell Curls","biceps","1","8","30","","","","","","","","","","","","2026-06-26T09:06:05.988Z"
"Workout","2026-06-26","Incline Dumbbell Curl","biceps","3","10","16","","","","","","","","","","","",""
"Workout","2026-06-26","Incline Dumbbell Curl","biceps","2","12","16","","","","","","","","","","","",""
"Workout","2026-06-26","Incline Dumbbell Curl","biceps","1","14","16","","","","","","","","","","","","2026-06-26T08:56:42.084Z"
"Workout","2026-06-26","Preacher Curls","biceps","4","9","30","","","","","","","","","","","",""
"Workout","2026-06-26","Preacher Curls","biceps","3","8","30","","","","","","","","","","","",""
"Workout","2026-06-26","Preacher Curls","biceps","2","10","30","","","","","","","","","","","",""
"Workout","2026-06-26","Preacher Curls","biceps","1","10","30","","","","","","","","","","","","2026-06-26T08:47:30.364Z"
"Workout","2026-06-26","Hammer Curls","biceps","3","18","18","","","","","","","","","","","",""
"Workout","2026-06-26","Hammer Curls","biceps","2","18","18","","","","","","","","","","","",""
"Workout","2026-06-26","Hammer Curls","biceps","1","18","18","","","","","","","","","","","","2026-06-26T08:32:53.990Z"
"Workout","2026-06-26","Pull-ups","back","4","10","","","","","","","","","","","","",""
"Workout","2026-06-26","Pull-ups","back","3","10","","","","","","","","","","","","",""
"Workout","2026-06-26","Pull-ups","back","2","9","","","","","","","","","","","","",""
"Workout","2026-06-26","Pull-ups","back","1","12","","","","","","","","","","","","","2026-06-26T08:24:38.516Z"
"Workout","2026-06-26","Rows Machine","back","4","8","67.5","","","","","","","","","","","",""
"Workout","2026-06-26","Rows Machine","back","3","8","67.5","","","","","","","","","","","",""
"Workout","2026-06-26","Rows Machine","back","2","10","67.5","","","","","","","","","","","",""
"Workout","2026-06-26","Rows Machine","back","1","10","60","","","","","","","","","","","","2026-06-26T08:16:44.357Z"
"Workout","2026-06-26","Abs","core","12","10","6","","","","","","","","","","","",""
"Workout","2026-06-26","Abs","core","11","10","6","","","","","","","","","","","",""
"Workout","2026-06-26","Abs","core","10","10","6","","","","","","","","","","","",""
"Workout","2026-06-26","Abs","core","9","10","6","","","","","","","","","","","",""
"Workout","2026-06-26","Abs","core","8","12","6","","","","","","","","","","","",""
"Workout","2026-06-26","Abs","core","7","12","6","","","","","","","","","","","",""
"Workout","2026-06-26","Abs","core","6","30","10","","","","","","","","","","","",""
"Workout","2026-06-26","Abs","core","5","30","10","","","","","","","","","","","",""
"Workout","2026-06-26","Abs","core","4","20","10","","","","","","","","","","","",""
"Workout","2026-06-26","Abs","core","3","15","10","","","","","","","","","","","",""
"Workout","2026-06-26","Abs","core","2","15","10","","","","","","","","","","","",""
"Workout","2026-06-26","Abs","core","1","15","10","","13","13","110","","","","","111","","","2026-06-26T08:06:19.555Z"
"Nutrition","2026-06-25","Protein","Protein","","","","","","","390","52","25","4","4","","62g Whey Protein Powder; 20g Mass Gainer Protein; 5g Chia Seeds; 10g Creatine (5g)","","2026-06-25T16:05:51.954Z"
"Nutrition","2026-06-25","Dinner","Dinner","","","","","","","950","56","63","53","8","","1serving Beef Burger; 100g Beef Patty; 50g French Fries","","2026-06-25T16:05:19.043Z"
"Nutrition","2026-06-25","Lunch","Lunch","","","","","","","876","32","109","36","32","","2serving Banana; 1serving Beef Burger; 50g French Fries","","2026-06-25T16:04:42.803Z"
"Nutrition","2026-06-25","Lunch","Lunch","","","","","","","230","10","45","","30","","500ml Coconut Water (250ml)","","2026-06-25T03:56:10.814Z"
"Nutrition","2026-06-25","Breakfast","Breakfast","","","","","","","750","32","75","40","","","1serving Breakfast Burger","","2026-06-25T03:55:51.284Z"
"Nutrition","2026-06-24","Snack","Snack","","","","","","","50","","12","","12","","200ml Pocari Sweat","","2026-06-24T13:55:10.068Z"
"Nutrition","2026-06-24","Snack","Snack","","","","","","","92","5","8","5","8","","150ml Milk (Whole)","","2026-06-24T12:05:28.649Z"
"Nutrition","2026-06-24","Dinner","Dinner","","","","","","","1509","89","134","70","42","","200g Mashed Potato; 150g White Rice (Cooked); 100g Mango; 25g Cheddar Cheese; 200g Beef Patty; 1serving Boiled Eggs (2); 10g Olive Oil; 450ml Coconut Water (250ml)","","2026-06-24T11:26:39.169Z"
"Nutrition","2026-06-24","Lunch","Lunch","","","","","","","173","4","39","","6","","100g White Rice (Cooked); 50g Carrot; 50g Pineapple","","2026-06-24T08:06:31.200Z"
"Nutrition","2026-06-24","Lunch","Lunch","","","","","","","280","38","","14","","","200g Grass-fed Tenderloin","","2026-06-24T08:05:59.781Z"
"Nutrition","2026-06-24","Breakfast","Breakfast","","","","","","","5","1","1","","","","1serving Wheatgrass Shot (30ml)","","2026-06-24T04:32:18.640Z"
"Nutrition","2026-06-24","Lunch","Lunch","","","","","","","80","4","8","3","7","","1serving Cappuccino","","2026-06-24T04:32:06.218Z"
"Nutrition","2026-06-24","Breakfast","Breakfast","","","","","","","90","1","23","","12","","1serving Banana","","2026-06-24T04:31:27.096Z"
"Nutrition","2026-06-24","Breakfast","Breakfast","","","","","","","750","32","75","40","","","1serving Breakfast Burger","","2026-06-24T04:29:38.417Z"
"Workout","2026-06-24","Chest","chest","1","1","","1","4","64","449","","","","","111","","","2026-06-24T07:12:43.740Z"
"Workout","2026-06-24","Chest Press Wide Machine","chest","3","5","80","","","","","","","","","","","",""
"Workout","2026-06-24","Chest Press Wide Machine","chest","2","7","80","","","","","","","","","","","",""
"Workout","2026-06-24","Chest Press Wide Machine","chest","1","8","80","","","","","","","","","","","","2026-06-24T07:12:06.521Z"
"Workout","2026-06-24","Tricep Pushdowns","triceps","4","10","57.5","","","","","","","","","","","",""
"Workout","2026-06-24","Tricep Pushdowns","triceps","3","12","57.5","","","","","","","","","","","",""
"Workout","2026-06-24","Tricep Pushdowns","triceps","2","12","57.5","","","","","","","","","","","",""
"Workout","2026-06-24","Tricep Pushdowns","triceps","1","15","45","","","","","","","","","","","","2026-06-24T07:04:35.092Z"
"Workout","2026-06-24","Fly Machine","chest","4","8","102.5","","","","","","","","","","","",""
"Workout","2026-06-24","Fly Machine","chest","3","8","110","","","","","","","","","","","",""
"Workout","2026-06-24","Fly Machine","chest","2","8","110","","","","","","","","","","","",""
"Workout","2026-06-24","Fly Machine","chest","1","10","102.5","","","","","","","","","","","","2026-06-24T06:56:08.907Z"
"Workout","2026-06-24","Tricep Dip Machine","triceps","4","12","80","","","","","","","","","","","",""
"Workout","2026-06-24","Tricep Dip Machine","triceps","3","12","80","","","","","","","","","","","",""
"Workout","2026-06-24","Tricep Dip Machine","triceps","2","12","80","","","","","","","","","","","",""
"Workout","2026-06-24","Tricep Dip Machine","triceps","1","12","72.5","","","","","","","","","","","","2026-06-24T06:46:07.002Z"
"Workout","2026-06-24","Bench Press Machine","chest","4","6","120","","","","","","","","","","","",""
"Workout","2026-06-24","Bench Press Machine","chest","3","6","120","","","","","","","","","","","",""
"Workout","2026-06-24","Bench Press Machine","chest","2","8","120","","","","","","","","","","","",""
"Workout","2026-06-24","Bench Press Machine","chest","1","12","80","","","","","","","","","","","","2026-06-24T06:37:41.936Z"
"Workout","2026-06-24","Standing Chest Flies","chest","2","12","125","","","","","","","","","","","",""
"Workout","2026-06-24","Standing Chest Flies","chest","1","13","125","","","","","","","","","","","","2026-06-24T06:22:37.518Z"
"Workout","2026-06-24","Tricep Dips","triceps","3","16","","","","","","","","","","","","",""
"Workout","2026-06-24","Tricep Dips","triceps","2","15","","","","","","","","","","","","",""
"Workout","2026-06-24","Tricep Dips","triceps","1","18","","","","","","","","","","","","","2026-06-24T06:17:44.292Z"
"Workout","2026-06-24","Abs","core","3","20","","","","","","","","","","","","",""
"Workout","2026-06-24","Abs","core","2","20","","","","","","","","","","","","",""
"Workout","2026-06-24","Abs","core","1","20","","","","","","","","","","","","","2026-06-24T06:17:26.882Z"
"Nutrition","2026-06-23","Snack","Snack","","","","","","","75","10","4","2","2","","100g Greek Yogurt (Plain)","","2026-06-23T16:32:21.638Z"
"Nutrition","2026-06-23","Snack","Snack","","","","","","","149","4","25","5","13","","1serving Banana; 10g Peanut Butter","","2026-06-23T12:25:06.287Z"
"Nutrition","2026-06-23","Snack","Snack","","","","","","","122","6","10","6","10","","200ml Milk (Whole)","","2026-06-23T12:18:53.400Z"
"Nutrition","2026-06-23","Dinner","Dinner","","","","","","","1111","91","91","40","30","","200g Chicken Thigh; 100g Fried Chicken; 100g Yellow Rice (Cooked); 75g Tempeh; 500ml Coconut Water (250ml)","","2026-06-23T11:28:15.277Z"
"Nutrition","2026-06-23","Lunch","Lunch","","","","","","","80","4","8","3","7","","1serving Cappuccino","","2026-06-23T05:55:17.585Z"
"Nutrition","2026-06-23","Lunch","Lunch","","","","","","","336","16","34","14","4","","150g Beef Dumplings (Steamed); 20g Sour Cream","","2026-06-23T05:55:06.566Z"
"Nutrition","2026-06-23","Lunch","Lunch","","","","","","","520","42","17","33","4","","100g Brisket (Smoked); 1serving Boiled Eggs (2); 100g Broccoli; 100g Pumpkin; 10g Thousand Island Dressing","","2026-06-23T05:54:44.435Z"
"Nutrition","2026-06-23","Breakfast","Breakfast","","","","","","","180","2","46","","24","","2serving Banana","","2026-06-23T04:46:12.967Z"
"Nutrition","2026-06-23","Breakfast","Breakfast","","","","","","","325","51","22","4","3","","62g Whey Protein Powder; 16g Mass Gainer Protein; 5g Chia Seeds","","2026-06-23T04:46:04.871Z"
"Workout","2026-06-23","Legs","legs","1","1","","1","","60","481","","","","","112","","","2026-06-23T08:59:06.398Z"
"Workout","2026-06-23","Leg Curl","legs","4","9","65","","","","","","","","","","","",""
"Workout","2026-06-23","Leg Curl","legs","3","7","72.5","","","","","","","","","","","",""
"Workout","2026-06-23","Leg Curl","legs","2","9","72.5","","","","","","","","","","","",""
"Workout","2026-06-23","Leg Curl","legs","1","12","65","","","","","","","","","","","","2026-06-23T08:58:43.780Z"
"Workout","2026-06-23","Calf Raises","legs","4","18","65","","","","","","","","","","","",""
"Workout","2026-06-23","Calf Raises","legs","3","20","60","","","","","","","","","","","",""
"Workout","2026-06-23","Calf Raises","legs","2","20","60","","","","","","","","","","","",""
"Workout","2026-06-23","Calf Raises","legs","1","25","40","","","","","","","","","","","","2026-06-23T08:47:21.629Z"
"Workout","2026-06-23","Hip Abductor Machine","legs","4","12","87.5","","","","","","","","","","","",""
"Workout","2026-06-23","Hip Abductor Machine","legs","3","10","87.5","","","","","","","","","","","",""
"Workout","2026-06-23","Hip Abductor Machine","legs","2","12","87.5","","","","","","","","","","","",""
"Workout","2026-06-23","Hip Abductor Machine","legs","1","15","80","","","","","","","","","","","","2026-06-23T08:40:08.040Z"
"Workout","2026-06-23","Calf Raises","legs","2","20","60","","","","","","","","","","","",""
"Workout","2026-06-23","Calf Raises","legs","1","25","40","","","","","","","","","","","","2026-06-23T08:30:52.985Z"
"Workout","2026-06-23","Hip Adductors","legs","4","10","50","","","","","","","","","","","",""
"Workout","2026-06-23","Hip Adductors","legs","3","12","50","","","","","","","","","","","",""
"Workout","2026-06-23","Hip Adductors","legs","2","13","50","","","","","","","","","","","",""
"Workout","2026-06-23","Hip Adductors","legs","1","14","50","","","","","","","","","","","","2026-06-23T08:29:23.663Z"
"Workout","2026-06-23","Abs","core","9","14","10","","","","","","","","","","","",""
"Workout","2026-06-23","Abs","core","8","14","10","","","","","","","","","","","",""
"Workout","2026-06-23","Abs","core","7","14","10","","","","","","","","","","","",""
"Workout","2026-06-23","Abs","core","6","30","10","","","","","","","","","","","",""
"Workout","2026-06-23","Abs","core","5","30","10","","","","","","","","","","","",""
"Workout","2026-06-23","Abs","core","4","30","10","","","","","","","","","","","",""
"Workout","2026-06-23","Abs","core","3","15","10","","","","","","","","","","","",""
"Workout","2026-06-23","Abs","core","2","15","10","","","","","","","","","","","",""
"Workout","2026-06-23","Abs","core","1","15","10","","12","12","90","","","","","115","","","2026-06-23T07:57:50.378Z"
"Nutrition","2026-06-22","Dinner","Dinner","","","","","","","1483","64","156","64","56","","1serving Beef Burger; 30g Bacon; 25g Cheddar Cheese; 100g French Fries; 800g Coconut Water (250ml)","","2026-06-22T11:05:13.087Z"
"Nutrition","2026-06-22","Snack","Snack","","","","","","","196","6","27","9","14","","1serving Banana; 18g Peanut Butter","","2026-06-22T09:18:23.657Z"
"Nutrition","2026-06-22","Protein","Protein","","","","","","","285","29","29","3","4","","31g Whey Protein Powder; 31g Mass Gainer Protein; 5g Chia Seeds; 5g Creatine (5g)","","2026-06-22T08:33:49.398Z"
"Nutrition","2026-06-22","Lunch","Lunch","","","","","","","721","68","69","19","49","","150g Tuna (Fresh); 1serving Beef Patty; 100g Mango; 600ml Coconut Water (250ml)","","2026-06-22T08:33:16.392Z"
"Nutrition","2026-06-22","Breakfast","Breakfast","","","","","","","720","28","89","25","10","","200g White Rice (Cooked); 1serving Eggs Benedict; 1serving Cappuccino","","2026-06-22T08:32:31.313Z"
"Nutrition","2026-06-22","Breakfast","Breakfast","","","","","","","90","1","23","","12","","1serving Banana","","2026-06-22T02:26:42.340Z"
"Workout","2026-06-22","Arms","biceps","1","1","","1","27","87","608","","","","","105","","","2026-06-22T06:49:39.416Z"
"Workout","2026-06-22","Rear Delt Fly Machine","shoulders","4","8","72.5","","","","","","","","","","","",""
"Workout","2026-06-22","Rear Delt Fly Machine","shoulders","3","10","72.5","","","","","","","","","","","",""
"Workout","2026-06-22","Rear Delt Fly Machine","shoulders","2","10","72.5","","","","","","","","","","","",""
"Workout","2026-06-22","Rear Delt Fly Machine","shoulders","1","10","72.5","","","","","","","","","","","","2026-06-22T06:49:15.090Z"
"Workout","2026-06-22","Incline Dumbbell Curl","biceps","4","12","16","","","","","","","","","","","",""
"Workout","2026-06-22","Incline Dumbbell Curl","biceps","3","12","16","","","","","","","","","","","",""
"Workout","2026-06-22","Incline Dumbbell Curl","biceps","2","14","16","","","","","","","","","","","",""
"Workout","2026-06-22","Incline Dumbbell Curl","biceps","1","16","16","","","","","","","","","","","","2026-06-22T06:37:08.939Z"
"Workout","2026-06-22","Shoulder Flies","shoulders","3","10","10","","","","","","","","","","","",""
"Workout","2026-06-22","Shoulder Flies","shoulders","2","12","10","","","","","","","","","","","",""
"Workout","2026-06-22","Shoulder Flies","shoulders","1","12","10","","","","","","","","","","","","2026-06-22T06:24:24.785Z"
"Workout","2026-06-22","Preacher Curls","biceps","4","10","30","","","","","","","","","","","",""
"Workout","2026-06-22","Preacher Curls","biceps","3","10","30","","","","","","","","","","","",""
"Workout","2026-06-22","Preacher Curls","biceps","2","10","30","","","","","","","","","","","",""
"Workout","2026-06-22","Preacher Curls","biceps","1","12","30","","","","","","","","","","","","2026-06-22T06:18:00.589Z"
"Workout","2026-06-22","Shoulder Press Machine","shoulders","4","9","50","","","","","","","","","","","",""
"Workout","2026-06-22","Shoulder Press Machine","shoulders","3","12","45","","","","","","","","","","","",""
"Workout","2026-06-22","Shoulder Press Machine","shoulders","2","10","45","","","","","","","","","","","",""
"Workout","2026-06-22","Shoulder Press Machine","shoulders","1","15","35","","","","","","","","","","","","2026-06-22T06:01:20.495Z"
"Workout","2026-06-22","Hammer Curls","biceps","5","20","18","","","","","","","","","","","",""
"Workout","2026-06-22","Hammer Curls","biceps","4","18","18","","","","","","","","","","","",""
"Workout","2026-06-22","Hammer Curls","biceps","3","18","18","","","","","","","","","","","",""
"Workout","2026-06-22","Hammer Curls","biceps","2","18","16","","","","","","","","","","","",""
"Workout","2026-06-22","Hammer Curls","biceps","1","18","16","","","","","","","","","","","","2026-06-22T05:36:40.776Z"
"Nutrition","2026-06-21","Dinner","Dinner","","","","","","","222","23","27","4","2","","100g Salmon Sushi Roll; 50g Scallops (Cooked); 25g Tuna (Fresh)","","2026-06-22T02:26:23.378Z"
"Nutrition","2026-06-21","Snack","Snack","","","","","","","122","6","10","6","10","","200ml Milk (Whole)","","2026-06-21T11:30:29.392Z"
"Nutrition","2026-06-21","Dinner","Dinner","","","","","","","276","12","54","","36","","600ml Coconut Water (250ml)","","2026-06-21T11:20:21.652Z"
"Nutrition","2026-06-21","Dinner","Dinner","","","","","","","692","60","47","29","5","","200g Chicken Thigh; 50g Fried Chicken; 100g Yellow Rice; 100g Stir Fry Vegetables","","2026-06-21T11:20:00.288Z"
"Nutrition","2026-06-21","Lunch","Lunch","","","","","","","115","4","16","4","12","","1serving Matcha Latte","","2026-06-21T08:51:52.069Z"
"Nutrition","2026-06-21","Lunch","Lunch","","","","","","","783","36","76","36","7","","75g Tortilla (Flour); 100g Chicken Thigh; 75g French Fries; 50g Coleslaw (Creamy); 15g Parmesan Cheese","","2026-06-21T08:51:37.653Z"
"Nutrition","2026-06-21","Breakfast","Breakfast","","","","","","","401","38","28","16","9","","75g Greek Yogurt (Plain); 20g Granola; 3g Spirulina Powder; 10g Coconut Flakes (Unsweetened); 50ml Milk (Whole); 31g Whey Protein Powder; 5g Chia Seeds","","2026-06-21T04:41:13.919Z"
"Nutrition","2026-06-21","Breakfast","Breakfast","","","","","","","60","1","15","","13","","100g Mango","","2026-06-21T04:39:25.149Z"
"Nutrition","2026-06-20","Lunch","Lunch","","","","","","","230","10","45","","30","","500ml Coconut Water (250ml)","","2026-06-20T12:19:55.212Z"
"Nutrition","2026-06-20","Dinner","Dinner","","","","","","","296","9","42","11","15","","46g Whole Wheat Bread; 20g Peanut Butter; 20g Raspberry Jam","","2026-06-20T12:19:33.058Z"
"Nutrition","2026-06-20","Snack","Snack","","","","","","","266","49","10","3","2","","62g Whey Protein Powder; 5g Chia Seeds","","2026-06-20T12:18:54.191Z"
"Nutrition","2026-06-20","Lunch","Lunch","","","","","","","850","55","85","30","","","1serving Steak Sandwich","","2026-06-20T11:31:48.903Z"
"Nutrition","2026-06-20","Breakfast","Breakfast","","","","","","","90","1","23","","12","","1serving Banana","","2026-06-20T04:50:02.505Z"
"Nutrition","2026-06-20","Breakfast","Breakfast","","","","","","","825","40","100","30","5","","1serving Bagel BLT","","2026-06-20T04:49:47.937Z"
"Workout","2026-06-20","Chest","chest","1","1","","","65","65","419","","","","","103","","","2026-06-20T07:50:31.583Z"
"Workout","2026-06-20","Overhead Tricep Extension","triceps","3","13","40","","","","","","","","","","","",""
"Workout","2026-06-20","Overhead Tricep Extension","triceps","2","15","40","","","","","","","","","","","",""
"Workout","2026-06-20","Overhead Tricep Extension","triceps","1","15","40","","","","","","","","","","","","2026-06-20T07:49:28.320Z"
"Workout","2026-06-20","Tricep Pulldowns","triceps","3","13","40","","","","","","","","","","","",""
"Workout","2026-06-20","Tricep Pulldowns","triceps","2","13","40","","","","","","","","","","","",""
"Workout","2026-06-20","Tricep Pulldowns","triceps","1","13","40","","","","","","","","","","","","2026-06-20T07:49:08.022Z"
"Workout","2026-06-20","Fly Machine","chest","4","8","102.5","","","","","","","","","","","",""
"Workout","2026-06-20","Fly Machine","chest","3","8","102.5","","","","","","","","","","","",""
"Workout","2026-06-20","Fly Machine","chest","2","8","102.5","","","","","","","","","","","",""
"Workout","2026-06-20","Fly Machine","chest","1","12","95","","","","","","","","","","","","2026-06-20T07:39:47.066Z"
"Workout","2026-06-20","Tricep Dip Machine","triceps","4","12","80","","","","","","","","","","","",""
"Workout","2026-06-20","Tricep Dip Machine","triceps","3","12","80","","","","","","","","","","","",""
"Workout","2026-06-20","Tricep Dip Machine","triceps","2","13","72.5","","","","","","","","","","","",""
"Workout","2026-06-20","Tricep Dip Machine","triceps","1","15","35","","","","","","","","","","","","2026-06-20T07:29:48.668Z"
"Workout","2026-06-20","Bench Press Machine","chest","4","12","80","","","","","","","","","","","",""
"Workout","2026-06-20","Bench Press Machine","chest","3","5","120","","","","","","","","","","","",""
"Workout","2026-06-20","Bench Press Machine","chest","2","6","120","","","","","","","","","","","",""
"Workout","2026-06-20","Bench Press Machine","chest","1","12","80","","","","","","","","","","","","2026-06-20T07:19:04.534Z"
"Workout","2026-06-20","Standing Chest Flies","chest","4","13","125","","","","","","","","","","","",""
"Workout","2026-06-20","Standing Chest Flies","chest","3","13","125","","","","","","","","","","","",""
"Workout","2026-06-20","Standing Chest Flies","chest","2","13","125","","","","","","","","","","","",""
"Workout","2026-06-20","Standing Chest Flies","chest","1","15","125","","","","","","","","","","","","2026-06-20T07:09:43.582Z"
"Nutrition","2026-06-19","Dinner","Dinner","","","","","","","540","28","42","28","8","","1serving Beef Burger","","2026-06-19T18:47:39.887Z"
"Nutrition","2026-06-19","Protein","Protein","","","","","","","266","49","10","3","2","","62g Whey Protein Powder; 5g Chia Seeds","","2026-06-19T09:55:09.860Z"
"Nutrition","2026-06-19","Lunch","Lunch","","","","","","","1173","87","118","39","50","","150g Basmati Rice (Cooked); 100g Mango; 80g Avocado; 150g Tuna (Fresh); 150g Beef Patty; 600ml Coconut Water (250ml)","","2026-06-19T06:51:29.015Z"
"Nutrition","2026-06-19","Breakfast","Breakfast","","","","","","","180","2","46","","24","","2serving Banana","","2026-06-19T06:05:34.564Z"
"Nutrition","2026-06-19","Breakfast","Breakfast","","","","","","","80","4","8","3","7","","1serving Cappuccino","","2026-06-19T03:15:56.297Z"
"Nutrition","2026-06-19","Breakfast","Breakfast","","","","","","","648","45","53","27","3","","90g Sourdough Bread; 1serving Scrambled Eggs (2); 50g Ham; 60g Mozzarella","","2026-06-19T03:15:44.990Z"
"Nutrition","2026-06-19","Breakfast","Breakfast","","","","","","","188","4","26","8","7","","40g Granola","","2026-06-19T03:15:34.539Z"
"Nutrition","2026-06-19","Breakfast","Breakfast","","","","","","","179","12","29","2","21","","50g Dragonfruit; 50g Pineapple; 50g Mango; 50g Papaya; 100g Greek Yogurt (Plain)","","2026-06-19T03:15:23.818Z"
"Workout","2026-06-19","Massage","recovery","1","","","1","","60","","","","","","","","","2026-06-19T08:18:59.700Z"
"Workout","2026-06-19","Sauna","recovery","1","","","","12","12","","","","","","","","","2026-06-19T08:18:24.057Z"
"Workout","2026-06-19","Back","back","1","1","","1","32","92","604","","","","","102","","","2026-06-19T06:06:12.240Z"
"Workout","2026-06-19","Calf Raises","legs","4","17","60","","","","","","","","","","","",""
"Workout","2026-06-19","Calf Raises","legs","3","17","60","","","","","","","","","","","",""
"Workout","2026-06-19","Calf Raises","legs","2","16","60","","","","","","","","","","","",""
"Workout","2026-06-19","Calf Raises","legs","1","22","40","","","","","","","","","","","","2026-06-19T06:05:11.297Z"
"Workout","2026-06-19","Rear Delt Fly Machine","shoulders","4","8","65","","","","","","","","","","","",""
"Workout","2026-06-19","Rear Delt Fly Machine","shoulders","3","9","65","","","","","","","","","","","",""
"Workout","2026-06-19","Rear Delt Fly Machine","shoulders","2","10","65","","","","","","","","","","","",""
"Workout","2026-06-19","Rear Delt Fly Machine","shoulders","1","10","65","","","","","","","","","","","","2026-06-19T05:54:48.463Z"
"Workout","2026-06-19","Face Pull","shoulders","4","12","57.5","","","","","","","","","","","",""
"Workout","2026-06-19","Face Pull","shoulders","3","12","57.5","","","","","","","","","","","",""
"Workout","2026-06-19","Face Pull","shoulders","2","15","50","","","","","","","","","","","",""
"Workout","2026-06-19","Face Pull","shoulders","1","13","50","","","","","","","","","","","","2026-06-19T05:43:26.876Z"
"Workout","2026-06-19","Leg Curl","legs","4","8","65","","","","","","","","","","","",""
"Workout","2026-06-19","Leg Curl","legs","3","10","65","","","","","","","","","","","",""
"Workout","2026-06-19","Leg Curl","legs","2","10","65","","","","","","","","","","","",""
"Workout","2026-06-19","Leg Curl","legs","1","12","65","","","","","","","","","","","","2026-06-19T05:31:29.906Z"
"Workout","2026-06-19","Rows Machine","back","4","8","60","","","","","","","","","","","",""
"Workout","2026-06-19","Rows Machine","back","3","8","67.5","","","","","","","","","","","",""
"Workout","2026-06-19","Rows Machine","back","2","8","67.5","","","","","","","","","","","",""
"Workout","2026-06-19","Rows Machine","back","1","8","67.5","","","","","","","","","","","","2026-06-19T05:19:34.762Z"
"Workout","2026-06-19","Lat Pulldown","back","5","7","82.5","","","","","","","","","","","",""
"Workout","2026-06-19","Lat Pulldown","back","4","8","82.5","","","","","","","","","","","",""
"Workout","2026-06-19","Lat Pulldown","back","3","7","82.5","","","","","","","","","","","",""
"Workout","2026-06-19","Lat Pulldown","back","2","8","82.5","","","","","","","","","","","",""
"Workout","2026-06-19","Lat Pulldown","back","1","12","67.5","","","","","","","","","","","","2026-06-19T05:10:28.892Z"
"Workout","2026-06-19","Hip Adductors","legs","4","10","50","","","","","","","","","","","",""
"Workout","2026-06-19","Hip Adductors","legs","3","12","50","","","","","","","","","","","",""
"Workout","2026-06-19","Hip Adductors","legs","2","12","50","","","","","","","","","","","",""
"Workout","2026-06-19","Hip Adductors","legs","1","12","50","","","","","","","","","","","","2026-06-19T04:56:17.719Z"
"Workout","2026-06-19","Hip Abductor Machine","legs","4","12","87.5","","","","","","","","","","","",""
"Workout","2026-06-19","Hip Abductor Machine","legs","3","12","87.5","","","","","","","","","","","",""
"Workout","2026-06-19","Hip Abductor Machine","legs","2","15","80","","","","","","","","","","","",""
"Workout","2026-06-19","Hip Abductor Machine","legs","1","15","72.5","","","","","","","","","","","","2026-06-19T04:47:56.207Z"
"Nutrition","2026-06-18","Snack","Snack","","","","","","","226","3","26","13","11","",".5serving Donut","","2026-06-18T15:25:12.063Z"
"Nutrition","2026-06-18","Dinner","Dinner","","","","","","","90","1","23","","12","","1serving Banana","","2026-06-18T15:24:51.639Z"
"Nutrition","2026-06-18","Dinner","Dinner","","","","","","","518","44","53","14","6","","200g Grass-fed Tenderloin; 150g White Rice (Cooked); 50g Pineapple; 50g Carrot","","2026-06-18T15:24:37.978Z"
"Nutrition","2026-06-18","Breakfast","Breakfast","","","","","","","550","30","30","25","","","Power Bowl","","2026-06-18T07:24:27.986Z"
"Nutrition","2026-06-18","Lunch","Lunch","","","","","","","276","12","54","","36","","600ml Coconut Water","","2026-06-18T07:21:42.277Z"
"Nutrition","2026-06-18","Lunch","Lunch","","","","","","","90","1","23","","12","","1serving Banana","","2026-06-18T07:13:14.431Z"
"Nutrition","2026-06-18","Lunch","Lunch","","","","","","","907","59","122","19","","","1serving Meatzza","","2026-06-18T07:08:12.727Z"
"Nutrition","2026-06-18","Breakfast","Breakfast","","","","","","","285","29","29","3","4","","31g Whey Protein Powder; 31g Mass Gainer Protein; 5g Chia Seeds; 5g Creatine (5g)","","2026-06-18T01:37:20.312Z"
"Workout","2026-06-18","Preacher Curls","biceps","4","7","25","","","","","","","","","","","",""
"Workout","2026-06-18","Preacher Curls","biceps","3","8","25","","","","","","","","","","","",""
"Workout","2026-06-18","Preacher Curls","biceps","2","11","25","","","","","","","","","","","",""
"Workout","2026-06-18","Preacher Curls","biceps","1","14","25","","","","","","","","","","","","2026-06-18T05:45:54.202Z"
"Workout","2026-06-18","Calf Raises","legs","4","18","60","","","","","","","","","","","",""
"Workout","2026-06-18","Calf Raises","legs","3","18","60","","","","","","","","","","","",""
"Workout","2026-06-18","Calf Raises","legs","2","18","60","","","","","","","","","","","",""
"Workout","2026-06-18","Calf Raises","legs","1","20","40","","","","","","","","","","","","2026-06-18T05:31:40.633Z"
"Workout","2026-06-18","Hammer Curls","biceps","4","16","18","","","","","","","","","","","",""
"Workout","2026-06-18","Hammer Curls","biceps","3","14","20","","","","","","","","","","","",""
"Workout","2026-06-18","Hammer Curls","biceps","2","20","18","","","","","","","","","","","",""
"Workout","2026-06-18","Hammer Curls","biceps","1","20","18","","","","","","","","","","","","2026-06-18T05:22:25.076Z"
"Workout","2026-06-18","Shoulder Flies","shoulders","4","10","20","","","","","","","","","","","",""
"Workout","2026-06-18","Shoulder Flies","shoulders","3","10","20","","","","","","","","","","","",""
"Workout","2026-06-18","Shoulder Flies","shoulders","2","10","20","","","","","","","","","","","",""
"Workout","2026-06-18","Shoulder Flies","shoulders","1","10","20","","","","","","","","","","","","2026-06-18T05:12:32.144Z"
"Workout","2026-06-18","Barbell Curls","biceps","4","10","30","","","","","","","","","","","",""
"Workout","2026-06-18","Barbell Curls","biceps","3","12","30","","","","","","","","","","","",""
"Workout","2026-06-18","Barbell Curls","biceps","2","12","30","","","","","","","","","","","",""
"Workout","2026-06-18","Barbell Curls","biceps","1","15","30","","","","","","","","","","","","2026-06-18T05:03:36.665Z"
"Workout","2026-06-18","Rear Delt Fly Machine","shoulders","4","9","72.5","","","","","","","","","","","",""
"Workout","2026-06-18","Rear Delt Fly Machine","shoulders","3","10","72.5","","","","","","","","","","","",""
"Workout","2026-06-18","Rear Delt Fly Machine","shoulders","2","12","65","","","","","","","","","","","",""
"Workout","2026-06-18","Rear Delt Fly Machine","shoulders","1","12","57.5","","","","","","","","","","","","2026-06-18T04:52:53.518Z"
"Workout","2026-06-18","Incline Dumbbell Curl","biceps","4","14","16","","","","","","","","","","","",""
"Workout","2026-06-18","Incline Dumbbell Curl","biceps","3","14","16","","","","","","","","","","","",""
"Workout","2026-06-18","Incline Dumbbell Curl","biceps","2","16","16","","","","","","","","","","","",""
"Workout","2026-06-18","Incline Dumbbell Curl","biceps","1","16","16","","","","","","","","","","","","2026-06-18T04:39:37.938Z"
"Workout","2026-06-18","Abs","core","9","16","20","","","","","","","","","","","",""
"Workout","2026-06-18","Abs","core","8","10","20","","","","","","","","","","","",""
"Workout","2026-06-18","Abs","core","7","10","20","","","","","","","","","","","",""
"Workout","2026-06-18","Abs","core","6","10","20","","","","","","","","","","","",""
"Workout","2026-06-18","Abs","core","5","12","10","","","","","","","","","","","",""
"Workout","2026-06-18","Abs","core","4","12","10","","","","","","","","","","","",""
"Workout","2026-06-18","Abs","core","3","12","10","","","","","","","","","","","",""
"Workout","2026-06-18","Abs","core","2","30","10","","","","","","","","","","","",""
"Workout","2026-06-18","Abs","core","1","15","10","","","","","","","","","","","","2026-06-18T04:25:57.632Z"
"Nutrition","2026-06-17","Protein","Protein","","","","","","","558","56","55","14","33","","62g Whey Protein Powder; 10g Creatine; 1serving Banana; 25g Peanut Butter; 25g Dates","","2026-06-17T12:29:42.092Z"
"Nutrition","2026-06-17","Dinner","Dinner","","","","","","","276","12","54","","36","","600ml Coconut Water (250ml)","","2026-06-17T10:34:06.471Z"
"Nutrition","2026-06-17","Dinner","Dinner","","","","","","","436","45","26","17","3","","150g Chicken Breast; 75g Quinoa (Cooked); 100g Lettuce (Romaine); 75g Avocado","","2026-06-17T10:22:54.820Z"
"Nutrition","2026-06-17","Lunch","Lunch","","","","","","","280","38","","14","","","200g Grass-fed Tenderloin","","2026-06-17T07:05:47.727Z"
"Nutrition","2026-06-17","Lunch","Lunch","","","","","","","82","","20","","20","","1serving Pocari Sweat (330ml)","","2026-06-17T07:00:48.376Z"
"Nutrition","2026-06-17","Lunch","Lunch","","","","","","","290","18","30","10","3","","1serving Fish Tacos (2)","","2026-06-17T06:59:54.647Z"
"Nutrition","2026-06-17","Breakfast","Breakfast","","","","","","","179","12","29","2","21","","50g Dragonfruit; 50g Pineapple; 50g Mango; 50g Papaya; 100g Greek Yogurt (Plain)","","2026-06-17T06:59:38.593Z"
"Nutrition","2026-06-17","Breakfast","Breakfast","","","","","","","80","4","8","3","7","","1serving Cappuccino","","2026-06-17T06:58:31.240Z"
"Nutrition","2026-06-17","Breakfast","Breakfast","","","","","","","648","45","53","27","3","","90g Sourdough Bread; 1serving Scrambled Eggs (2); 50g Ham; 60g Mozzarella","","2026-06-17T06:58:20.301Z"
"Nutrition","2026-06-16","Snack","Snack","","","","","","","230","10","45","","30","","500ml Coconut Water (250ml)","","2026-06-16T11:47:50.398Z"
"Nutrition","2026-06-16","Dinner","Dinner","","","","","","","570","24","72","20","6","","2serving Pizza Slice","","2026-06-16T11:43:37.638Z"
"Nutrition","2026-06-16","Snack","Snack","","","","","","","212","7","33","6","22","","200ml Milk (Whole); 1serving Banana","","2026-06-16T09:06:13.597Z"
"Nutrition","2026-06-16","Lunch","Lunch","","","","","","","1246","123","47","63","1","","150g Chicken Breast; 300g Beef Patty; 150g Basmati Rice (Cooked); 50g Avocado","","2026-06-16T09:05:27.975Z"
"Nutrition","2026-06-16","Breakfast","Breakfast","","","","","","","90","1","23","","12","","1serving Banana","","2026-06-16T04:13:26.363Z"
"Nutrition","2026-06-16","Breakfast","Breakfast","","","","","","","566","44","41","26","20","","50g Greek Yogurt (Plain); 250ml Milk (Whole); 25g Granola; 15g Coconut Flakes (Unsweetened); 31g Whey Protein Powder; 5g Spirulina Powder; 5g Chia Seeds","","2026-06-16T04:13:12.421Z"
"Nutrition","2026-06-16","Breakfast","Breakfast","","","","","","","556","31","51","23","","","3serving Boiled Egg; 90g Whole Wheat Bread; 20g Cheddar Cheese","","2026-06-16T02:22:39.878Z"
"Workout","2026-06-16","Rear Delt Fly Machine","shoulders","2","10","65","","","","","","","","","","","",""
"Workout","2026-06-16","Rear Delt Fly Machine","shoulders","1","10","57.5","","","","","","","","","","","","2026-06-16T05:37:58.251Z"
"Workout","2026-06-16","Fly Machine","chest","4","9","102.5","","","","","","","","","","","",""
"Workout","2026-06-16","Fly Machine","chest","3","10","95","","","","","","","","","","","",""
"Workout","2026-06-16","Fly Machine","chest","2","10","87.5","","","","","","","","","","","",""
"Workout","2026-06-16","Fly Machine","chest","1","12","72.5","","","","","","","","","","","","2026-06-16T05:35:28.065Z"
"Workout","2026-06-16","Chest Press Wide Machine","chest","4","8","80","","","","","","","","","","","",""
"Workout","2026-06-16","Chest Press Wide Machine","chest","3","9","80","","","","","","","","","","","",""
"Workout","2026-06-16","Chest Press Wide Machine","chest","2","9","80","","","","","","","","","","","",""
"Workout","2026-06-16","Chest Press Wide Machine","chest","1","12","60","","","","","","","","","","","","2026-06-16T05:22:11.854Z"
"Workout","2026-06-16","Standing Chest Flies","chest","4","12","125","","","","","","","","","","","",""
"Workout","2026-06-16","Standing Chest Flies","chest","3","12","125","","","","","","","","","","","",""
"Workout","2026-06-16","Standing Chest Flies","chest","2","12","125","","","","","","","","","","","",""
"Workout","2026-06-16","Standing Chest Flies","chest","1","12","125","","","","","","","","","","","","2026-06-16T05:09:20.669Z"
"Workout","2026-06-16","Abs","core","8","20","10","","","","","","","","","","","",""
"Workout","2026-06-16","Abs","core","7","20","10","","","","","","","","","","","",""
"Workout","2026-06-16","Abs","core","6","20","10","","","","","","","","","","","",""
"Workout","2026-06-16","Abs","core","5","10","20","","","","","","","","","","","",""
"Workout","2026-06-16","Abs","core","4","10","20","","","","","","","","","","","",""
"Workout","2026-06-16","Abs","core","3","15","","","","","","","","","","","","",""
"Workout","2026-06-16","Abs","core","2","15","","","","","","","","","","","","",""
"Workout","2026-06-16","Abs","core","1","15","","","10","10","79","","","","","117","","","2026-06-16T05:03:30.425Z"
"Nutrition","2026-06-15","Snack","Snack","","","","","","","66","1","18","","16","","24g Dates","","2026-06-15T12:00:03.640Z"
"Nutrition","2026-06-15","Dinner","Dinner","","","","","","","729","92","35","26","16","","200g Grass-fed Tenderloin; 62g Whey Protein Powder; 20g Peanut Butter; 1serving Banana","","2026-06-15T11:59:27.045Z"
"Nutrition","2026-06-15","Snack","Snack","","","","","","","134","7","11","7","11","","220ml Milk (Whole)","","2026-06-15T11:01:58.841Z"
"Nutrition","2026-06-15","Snack","Snack","","","","","","","300","5","50","15","25","","1serving Cinnamon Roll","","2026-06-15T08:48:12.534Z"
"Nutrition","2026-06-15","Snack","Snack","","","","","","","380","32","29","16","2","","122g Salmon; 120g Tuna Sushi","","2026-06-15T08:46:29.877Z"
"Nutrition","2026-06-15","Breakfast","Breakfast","","","","","","","90","1","23","","12","","1serving Banana","","2026-06-15T07:11:09.410Z"
"Nutrition","2026-06-15","Lunch","Lunch","","","","","","","919","72","82","35","36","","220g Chicken Thigh; 100g Yellow Rice; 100g Grilled Tempeh; 100g Stir Fry Vegetables; 1serving Pocari Sweat (500ml can)","","2026-06-15T05:22:57.980Z"
"Nutrition","2026-06-15","Breakfast","Breakfast","","","","","","","592","21","116","24","13","","1serving Banana; 1serving Scrambled Eggs (2); 50g Avocado; 200g Red Rice (Cooked)","","2026-06-15T01:51:21.903Z"
"Workout","2026-06-15","Back","back","1","1","","","55","55","373","","","","","104","","","2026-06-15T03:43:37.288Z"
"Workout","2026-06-15","Incline Dumbbell Curl","biceps","4","10","16","","","","","","","","","","","",""
"Workout","2026-06-15","Incline Dumbbell Curl","biceps","3","12","16","","","","","","","","","","","",""
"Workout","2026-06-15","Incline Dumbbell Curl","biceps","2","14","16","","","","","","","","","","","",""
"Workout","2026-06-15","Incline Dumbbell Curl","biceps","1","14","16","","","","","","","","","","","","2026-06-15T03:43:03.853Z"
"Workout","2026-06-15","Lat Pulldown","back","4","7","75","","","","","","","","","","","",""
"Workout","2026-06-15","Lat Pulldown","back","3","8","75","","","","","","","","","","","",""
"Workout","2026-06-15","Lat Pulldown","back","2","11","67.5","","","","","","","","","","","",""
"Workout","2026-06-15","Lat Pulldown","back","1","10","67.5","","","","","","","","","","","","2026-06-15T03:25:44.480Z"
"Workout","2026-06-15","Barbell Curls","biceps","4","10","30","","","","","","","","","","","",""
"Workout","2026-06-15","Barbell Curls","biceps","3","10","30","","","","","","","","","","","",""
"Workout","2026-06-15","Barbell Curls","biceps","2","10","30","","","","","","","","","","","",""
"Workout","2026-06-15","Barbell Curls","biceps","1","12","30","","","","","","","","","","","","2026-06-15T03:14:49.948Z"
"Workout","2026-06-15","Hammer Curls","biceps","4","18","18","","","","","","","","","","","",""
"Workout","2026-06-15","Hammer Curls","biceps","3","18","18","","","","","","","","","","","",""
"Workout","2026-06-15","Hammer Curls","biceps","2","18","18","","","","","","","","","","","",""
"Workout","2026-06-15","Hammer Curls","biceps","1","20","16","","","","","","","","","","","","2026-06-15T03:04:58.573Z"
"Workout","2026-06-15","Rows Machine","back","4","8","67.5","","","","","","","","","","","",""
"Workout","2026-06-15","Rows Machine","back","3","10","60","","","","","","","","","","","",""
"Workout","2026-06-15","Rows Machine","back","2","15","52.5","","","","","","","","","","","",""
"Workout","2026-06-15","Rows Machine","back","1","18","37.5","","","","","","","","","","","","2026-06-15T02:54:46.713Z"
"Nutrition","2026-06-14","Supplements","Supplements","","","","","","","3","","","","","",".4g Magnesium","400 mg","2026-06-14T14:02:01.472Z"
"Nutrition","2026-06-14","Supplements","Supplements","","","","","","","","","","","","","Vitamin D3","2000 IU","2026-06-14T14:01:11.302Z"
"Nutrition","2026-06-14","Dinner","Dinner","","","","","","","873","48","105","26","4","","100g Naan Bread; 2.5serving Butter Chicken Meal","","2026-06-14T11:37:15.204Z"
"Nutrition","2026-06-14","Protein","Protein","","","","","","","242","48","8","2","2","","62g Whey Protein Powder","","2026-06-14T09:52:25.028Z"
"Nutrition","2026-06-14","Lunch","Lunch","","","","","","","1041","73","153","29","51","","108g Mango; 100g Avocado; 150g Red Rice (Cooked); 100g Grilled Tempeh; 150g Tuna Sashimi; 600ml Coconut Water","","2026-06-14T07:37:26.043Z"
"Nutrition","2026-06-14","Snack","Snack","","","","","","","90","1","23","","12","","1serving Banana","","2026-06-14T03:22:09.936Z"
"Nutrition","2026-06-14","Breakfast","Breakfast","","","","","","","825","40","100","30","5","","1serving Bagel BLT","","2026-06-14T03:21:47.237Z"
"Workout","2026-06-14","Sauna","recovery","1","","","","11","11","90","","","","","115","","","2026-06-14T07:35:24.228Z"
"Workout","2026-06-14","Shoulders","shoulders","1","1","","1","2","62","398","","","","","104","","","2026-06-14T07:34:59.545Z"
"Workout","2026-06-14","Calf Raises","legs","3","15","60","","","","","","","","","","","",""
"Workout","2026-06-14","Calf Raises","legs","2","15","60","","","","","","","","","","","",""
"Workout","2026-06-14","Calf Raises","legs","1","20","40","","","","","","","","","","","","2026-06-14T06:00:20.203Z"
"Workout","2026-06-14","Shoulder Shrugs","shoulders","4","12","32.5","","","","","","","","","","","",""
"Workout","2026-06-14","Shoulder Shrugs","shoulders","3","12","32.5","","","","","","","","","","","",""
"Workout","2026-06-14","Shoulder Shrugs","shoulders","2","12","32.5","","","","","","","","","","","",""
"Workout","2026-06-14","Shoulder Shrugs","shoulders","1","18","28","","","","","","","","","","","","2026-06-14T05:54:32.748Z"
"Workout","2026-06-14","Lat Raises Machine","shoulders","4","8","55","","","","","","","","","","","",""
"Workout","2026-06-14","Lat Raises Machine","shoulders","3","9","55","","","","","","","","","","","",""
"Workout","2026-06-14","Lat Raises Machine","shoulders","2","9","55","","","","","","","","","","","",""
"Workout","2026-06-14","Lat Raises Machine","shoulders","1","10","55","","","","","","","","","","","","2026-06-14T05:44:29.955Z"
"Workout","2026-06-14","Face Pull","shoulders","4","11","57.5","","","","","","","","","","","",""
"Workout","2026-06-14","Face Pull","shoulders","3","12","57.5","","","","","","","","","","","",""
"Workout","2026-06-14","Face Pull","shoulders","2","15","50","","","","","","","","","","","",""
"Workout","2026-06-14","Face Pull","shoulders","1","15","50","","","","","","","","","","","","2026-06-14T05:33:31.036Z"
"Workout","2026-06-14","Hip Abductor Machine","legs","4","8","80","","","","","","","","","","","",""
"Workout","2026-06-14","Hip Abductor Machine","legs","3","11","80","","","","","","","","","","","",""
"Workout","2026-06-14","Hip Abductor Machine","legs","2","11","80","","","","","","","","","","","",""
"Workout","2026-06-14","Hip Abductor Machine","legs","1","15","72.5","","","","","","","","","","","","2026-06-14T05:24:05.829Z"
"Workout","2026-06-14","Hip Adductors","legs","4","8","50","","","","","","","","","","","",""
"Workout","2026-06-14","Hip Adductors","legs","3","8","50","","","","","","","","","","","",""
"Workout","2026-06-14","Hip Adductors","legs","2","10","50","","","","","","","","","","","",""
"Workout","2026-06-14","Hip Adductors","legs","1","15","45","","","","","","","","","","","","2026-06-14T05:12:53.526Z"
"Workout","2026-06-14","Rear Delt Fly Machine","shoulders","4","8","72.5","","","","","","","","","","","",""
"Workout","2026-06-14","Rear Delt Fly Machine","shoulders","3","10","72.5","","","","","","","","","","","",""
"Workout","2026-06-14","Rear Delt Fly Machine","shoulders","2","12","65","","","","","","","","","","","",""
"Workout","2026-06-14","Rear Delt Fly Machine","shoulders","1","15","50","","","","","","","","","","","","2026-06-14T05:04:47.457Z"
"Nutrition","2026-06-13","Dinner","Dinner","","","","","","","2612","101","445","44","293","","200g Tuna Sashimi; 100g BBQ Ribs (Pork); 300g White Rice (Cooked); 2serving Pizza Slice; 900ml Pocari Sweat (500ml can)","","2026-06-13T11:08:21.465Z"
"Nutrition","2026-06-13","Snack","Snack","","","","","","","180","2","46","","24","","2serving Banana","","2026-06-13T11:06:35.583Z"
"Nutrition","2026-06-13","Snack","Snack","","","","","","","520","12","110","3","31","","200g White Rice (Cooked); 2serving Banana; 1serving Cappuccino","","2026-06-13T07:23:06.205Z"
"Nutrition","2026-06-13","Breakfast","Breakfast","","","","","","","897","53","98","34","27","","150g Waffles; 16g Whey Protein Powder; 50g Banana; 35g Mango; 30g Strawberries; 50g Chicken Breast; 1serving Scrambled Eggs (2); 50g Stir Fry Vegetables","","2026-06-13T03:36:03.125Z"
"Nutrition","2026-06-13","Breakfast","Breakfast","","","","","","","285","29","29","3","4","","31g Whey Protein Powder; 31g Mass Gainer Protein; 5g Creatine (5g); 5g Chia Seeds","","2026-06-13T03:34:34.737Z"
"Workout","2026-06-13","Pickleball","pickleball","1","","","2","20","140","1587","","","","","138","","","2026-06-13T12:54:49.531Z"
"Nutrition","2026-06-12","Dinner","Dinner","","","","","","","63","","15","","15","","250ml Pocari Sweat (100ml)","","2026-06-12T11:28:17.259Z"
"Nutrition","2026-06-12","Dinner","Dinner","","","","","","","642","60","66","17","3","","150g Salmon Nigiri; 150g Tuna Sashimi; 100g White Rice (Cooked); 50g Avocado; 50g Cucumber; 50g Edamame","","2026-06-12T11:27:57.064Z"
"Nutrition","2026-06-12","Snack","Snack","","","","","","","133","5","4","11","1","","20g Peanuts","","2026-06-12T09:21:07.781Z"
"Nutrition","2026-06-12","Lunch","Lunch","","","","","","","61","3","5","3","5","","100ml Milk (Whole)","","2026-06-12T09:20:53.847Z"
"Nutrition","2026-06-12","Lunch","Lunch","","","","","","","61","3","5","3","5","","100ml Milk (Whole)","","2026-06-12T07:59:33.408Z"
"Nutrition","2026-06-12","Lunch","Lunch","","","","","","","1376","97","149","44","53","","150g Waffles; 16g Whey Protein Powder; 200g Chicken Breast; 100g Avocado; 200g Stir Fry Vegetables; 500ml Coconut Water (250ml)","","2026-06-12T07:06:51.426Z"
"Nutrition","2026-06-12","Breakfast","Breakfast","","","","","","","111","5","15","3","9","","1serving Cappuccino; 25ml Ginger Root; 25ml Beetroot","","2026-06-12T02:26:40.235Z"
"Nutrition","2026-06-12","Breakfast","Breakfast","","","","","","","648","45","53","27","3","","90g Sourdough Bread; 1serving Scrambled Eggs (2); 50g Ham; 60g Mozzarella","","2026-06-12T02:25:52.236Z"
"Nutrition","2026-06-12","Breakfast","Breakfast","","","","","","","285","29","29","3","4","","31g Whey Protein Powder; 31g Mass Gainer Protein; 5g Creatine (5g); 5g Chia Seeds","","2026-06-12T02:25:36.821Z"
"Workout","2026-06-12","Arms","triceps","1","1","","1","10","70","486","","","","","109","","","2026-06-12T05:59:54.550Z"
"Workout","2026-06-12","Hanging Knee Tucks","core","5","10","","","","","","","","","","","","",""
"Workout","2026-06-12","Hanging Knee Tucks","core","4","10","","","","","","","","","","","","",""
"Workout","2026-06-12","Hanging Knee Tucks","core","3","10","","","","","","","","","","","","",""
"Workout","2026-06-12","Hanging Knee Tucks","core","2","10","","","","","","","","","","","","",""
"Workout","2026-06-12","Hanging Knee Tucks","core","1","10","","","","","","","","","","","","","2026-06-12T05:59:23.394Z"
"Workout","2026-06-12","Tricep Dips","triceps","3","15","","","","","","","","","","","","",""
"Workout","2026-06-12","Tricep Dips","triceps","2","15","","","","","","","","","","","","",""
"Workout","2026-06-12","Tricep Dips","triceps","1","15","","","","","","","","","","","","","2026-06-12T05:58:39.795Z"
"Workout","2026-06-12","Cable Lateral Raise","shoulders","4","6","15","","","","","","","","","","","",""
"Workout","2026-06-12","Cable Lateral Raise","shoulders","3","8","15","","","","","","","","","","","",""
"Workout","2026-06-12","Cable Lateral Raise","shoulders","2","8","15","","","","","","","","","","","",""
"Workout","2026-06-12","Cable Lateral Raise","shoulders","1","10","10","","","","","","","","","","","","2026-06-12T05:46:43.162Z"
"Workout","2026-06-12","Plate Side Bends","core","4","20","28","","","","","","","","","","","",""
"Workout","2026-06-12","Plate Side Bends","core","3","20","28","","","","","","","","","","","",""
"Workout","2026-06-12","Plate Side Bends","core","2","20","28","","","","","","","","","","","",""
"Workout","2026-06-12","Plate Side Bends","core","1","20","26","","","","","","","","","","","","2026-06-12T05:37:22.137Z"
"Workout","2026-06-12","Tricep Dip Machine","triceps","4","10","72.5","","","","","","","","","","","",""
"Workout","2026-06-12","Tricep Dip Machine","triceps","3","10","72.5","","","","","","","","","","","",""
"Workout","2026-06-12","Tricep Dip Machine","triceps","2","10","72.5","","","","","","","","","","","",""
"Workout","2026-06-12","Tricep Dip Machine","triceps","1","15","57.5","","","","","","","","","","","","2026-06-12T05:26:30.900Z"
"Workout","2026-06-12","Leg Extension","legs","4","17","30","","","","","","","","","","","",""
"Workout","2026-06-12","Leg Extension","legs","3","17","30","","","","","","","","","","","",""
"Workout","2026-06-12","Leg Extension","legs","2","18","30","","","","","","","","","","","",""
"Workout","2026-06-12","Leg Extension","legs","1","20","22.5","","","","","","","","","","","Knee injury","2026-06-12T05:19:25.452Z"
"Workout","2026-06-12","Tricep Overhead Ropes","triceps","4","10","40","","","","","","","","","","","",""
"Workout","2026-06-12","Tricep Overhead Ropes","triceps","3","11","40","","","","","","","","","","","",""
"Workout","2026-06-12","Tricep Overhead Ropes","triceps","2","12","40","","","","","","","","","","","",""
"Workout","2026-06-12","Tricep Overhead Ropes","triceps","1","11","40","","","","","","","","","","","","2026-06-12T05:04:41.896Z"
"Workout","2026-06-12","Tricep Pulldowns","triceps","4","11","45","","","","","","","","","","","",""
"Workout","2026-06-12","Tricep Pulldowns","triceps","3","13","40","","","","","","","","","","","",""
"Workout","2026-06-12","Tricep Pulldowns","triceps","2","12","40","","","","","","","","","","","",""
"Workout","2026-06-12","Tricep Pulldowns","triceps","1","15","40","","","","","","","","","","","","2026-06-12T04:57:55.573Z"
"Nutrition","2026-06-11","Protein","Protein","","","","","","","242","48","8","2","2","","62g Whey Protein Powder","","2026-06-11T13:08:33.207Z"
"Nutrition","2026-06-11","Dinner","Dinner","","","","","","","417","13","61","14","15","","80g Whole Wheat Bread; 25g Peanut Butter; 20g Raspberry Jam","","2026-06-11T13:08:18.509Z"
"Nutrition","2026-06-11","Snack","Snack","","","","","","","90","1","23","","12","","1serving Banana","","2026-06-11T08:46:17.117Z"
"Nutrition","2026-06-11","Breakfast","Breakfast","","","","","","","750","32","75","40","","","1serving Breakfast Burger","","2026-06-11T03:58:54.071Z"
"Nutrition","2026-06-11","Dinner","Dinner","","","","","","","453","42","39","14","6","","200g Grass-fed Tenderloin; 100g White Rice (Cooked); 50g Carrot; 50g Pineapple","","2026-06-11T08:26:26.229Z"
"Nutrition","2026-06-11","Lunch","Lunch","","","","","","","180","12","2","14","","","1serving Scrambled Eggs (2)","","2026-06-11T08:26:17.057Z"
"Nutrition","2026-06-11","Supplements","Supplements","","","","","","","50","","","","","","10g Creatine (5g)","","2026-06-11T03:57:56.306Z"
"Nutrition","2026-06-11","Breakfast","Breakfast","","","","","","","305","14","35","12","16","","85g Greek Yogurt (Plain); 20g Granola; 120g Dragonfruit; 3g Spirulina Powder; 10g Coconut Flakes (Unsweetened)","","2026-06-11T01:57:44.850Z"
"Workout","2026-06-11","Arms","biceps","1","1","","1","20","80","686","","","","","122","","","2026-06-11T07:41:36.810Z"
"Workout","2026-06-11","Hip Adductors","legs","3","10","45","","","","","","","","","","","",""
"Workout","2026-06-11","Hip Adductors","legs","2","12","45","","","","","","","","","","","",""
"Workout","2026-06-11","Hip Adductors","legs","1","12","45","","","","","","","","","","","","2026-06-11T07:40:23.148Z"
"Workout","2026-06-11","Hip Abductor Machine","legs","3","10","72.5","","","","","","","","","","","",""
"Workout","2026-06-11","Hip Abductor Machine","legs","2","10","72.5","","","","","","","","","","","",""
"Workout","2026-06-11","Hip Abductor Machine","legs","1","10","72.5","","","","","","","","","","","","2026-06-11T07:36:38.859Z"
"Workout","2026-06-11","Rows Machine","back","3","10","52.5","","","","","","","","","","","",""
"Workout","2026-06-11","Rows Machine","back","2","10","52.5","","","","","","","","","","","",""
"Workout","2026-06-11","Rows Machine","back","1","10","52.5","","","","","","","","","","","","2026-06-11T07:31:38.717Z"
"Workout","2026-06-11","Barbell Curls","biceps","3","8","30","","","","","","","","","","","",""
"Workout","2026-06-11","Barbell Curls","biceps","2","9","30","","","","","","","","","","","",""
"Workout","2026-06-11","Barbell Curls","biceps","1","10","30","","","","","","","","","","","","2026-06-11T07:24:10.855Z"
"Workout","2026-06-11","Leg Curl","legs","3","8","65","","","","","","","","","","","",""
"Workout","2026-06-11","Leg Curl","legs","2","8","65","","","","","","","","","","","",""
"Workout","2026-06-11","Leg Curl","legs","1","8","65","","","","","","","","","","","","2026-06-11T07:14:25.908Z"
"Workout","2026-06-11","Calf Raises","legs","4","15","60","","","","","","","","","","","",""
"Workout","2026-06-11","Calf Raises","legs","3","15","60","","","","","","","","","","","",""
"Workout","2026-06-11","Calf Raises","legs","2","15","60","","","","","","","","","","","",""
"Workout","2026-06-11","Calf Raises","legs","1","15","40","","","","","","","","","","","","2026-06-11T07:07:59.117Z"
"Workout","2026-06-11","Incline Dumbbell Curl","biceps","4","10","16","","","","","","","","","","","",""
"Workout","2026-06-11","Incline Dumbbell Curl","biceps","3","12","16","","","","","","","","","","","",""
"Workout","2026-06-11","Incline Dumbbell Curl","biceps","2","12","16","","","","","","","","","","","",""
"Workout","2026-06-11","Incline Dumbbell Curl","biceps","1","16","16","","","","","","","","","","","","2026-06-11T06:59:30.070Z"
"Workout","2026-06-11","Rear Delt Fly Machine","shoulders","4","8","65","","","","","","","","","","","",""
"Workout","2026-06-11","Rear Delt Fly Machine","shoulders","3","10","65","","","","","","","","","","","",""
"Workout","2026-06-11","Rear Delt Fly Machine","shoulders","2","12","57.5","","","","","","","","","","","",""
"Workout","2026-06-11","Rear Delt Fly Machine","shoulders","1","12","50","","","","","","","","","","","","2026-06-11T06:45:05.491Z"
"Workout","2026-06-11","Hammer Curls","biceps","4","18","16","","","","","","","","","","","",""
"Workout","2026-06-11","Hammer Curls","biceps","3","18","16","","","","","","","","","","","",""
"Workout","2026-06-11","Hammer Curls","biceps","2","18","16","","","","","","","","","","","",""
"Workout","2026-06-11","Hammer Curls","biceps","1","18","16","","","","","","","","","","","","2026-06-11T06:36:23.472Z"
"Workout","2026-06-11","Pull-ups","back","3","8","","","","","","","","","","","","",""
"Workout","2026-06-11","Pull-ups","back","2","10","","","","","","","","","","","","",""
"Workout","2026-06-11","Pull-ups","back","1","12","","","","","","","","","","","","","2026-06-11T06:24:57.900Z"
"Workout","2026-06-11","Abs","core","8","18","20","","","","","","","","","","","",""
"Workout","2026-06-11","Abs","core","7","18","20","","","","","","","","","","","",""
"Workout","2026-06-11","Abs","core","6","18","20","","","","","","","","","","","",""
"Workout","2026-06-11","Abs","core","5","10","20","","","","","","","","","","","",""
"Workout","2026-06-11","Abs","core","4","10","20","","","","","","","","","","","",""
"Workout","2026-06-11","Abs","core","3","10","20","","","","","","","","","","","",""
"Workout","2026-06-11","Abs","core","2","20","5","","","","","","","","","","","",""
"Workout","2026-06-11","Abs","core","1","15","5","","12","12","","","","","","","","","2026-06-11T06:20:07.451Z"
"Nutrition","2026-06-10","Dinner","Dinner","","","","","","","73","5","5","4","2","","75g Tzatziki","","2026-06-10T09:46:03.872Z"
"Nutrition","2026-06-10","Dinner","Dinner","","","","","","","67","3","6","4","4","","70g Greek Salad","","2026-06-10T09:44:50.019Z"
"Nutrition","2026-06-10","Dinner","Dinner","","","","","","","747","66","69","20","11","","200ml Milk (Whole); 200g Chicken Breast; 70g Pita Bread; 50g French Fries","","2026-06-10T09:43:52.744Z"
"Nutrition","2026-06-10","Lunch","Lunch","","","","","","","868","70","102","19","43","","100g Mango; 150g Jasmine Rice (Cooked); 150g Tuna (Fresh); 100g Beef Patty; 500ml Coconut Water (250ml)","","2026-06-10T06:29:42.750Z"
"Nutrition","2026-06-10","Protein","Protein","","","","","","","285","29","29","3","4","","31g Whey Protein Powder; 31g Mass Gainer Protein; 5g Creatine (5g); 5g Chia Seeds","","2026-06-10T05:15:55.032Z"
"Nutrition","2026-06-10","Breakfast","Breakfast","","","","","","","80","4","8","3","7","","1serving Cappuccino","","2026-06-10T02:17:27.967Z"
"Nutrition","2026-06-10","Breakfast","Breakfast","","","","","","","609","30","62","28","1","","1.5serving Scrambled Eggs (2); 25g Ricotta; 60g Multigrain Sourdough; 100g White Rice (Cooked)","","2026-06-10T02:17:17.292Z"
"Workout","2026-06-10","Sauna","recovery","1","","","","11","11","117","","","","","128","","Sauna","2026-06-10T05:40:19.046Z"
"Workout","2026-06-10","Legs","legs","1","1","","","35","35","273","","","","","118","","","2026-06-10T04:44:08.738Z"
"Workout","2026-06-10","Chest","chest","1","1","","","40","40","300","","","","","118","","","2026-06-10T04:43:42.884Z"
"Workout","2026-06-10","Leg Curl","legs","3","7","65","","","","","","","","","","","",""
"Workout","2026-06-10","Leg Curl","legs","2","8","65","","","","","","","","","","","",""
"Workout","2026-06-10","Leg Curl","legs","1","10","65","","","","","","","","","","","","2026-06-10T04:42:49.727Z"
"Workout","2026-06-10","Glute","legs","2","12","30","","","","","","","","","","","",""
"Workout","2026-06-10","Glute","legs","1","10","15","","","","","","","","","","","","2026-06-10T04:38:28.022Z"
"Workout","2026-06-10","Hip Abductor Machine","legs","3","12","72.5","","","","","","","","","","","",""
"Workout","2026-06-10","Hip Abductor Machine","legs","2","10","72.5","","","","","","","","","","","",""
"Workout","2026-06-10","Hip Abductor Machine","legs","1","10","72.5","","","","","","","","","","","","2026-06-10T04:32:09.802Z"
"Workout","2026-06-10","Hip Adductors","legs","3","10","45","","","","","","","","","","","",""
"Workout","2026-06-10","Hip Adductors","legs","2","12","45","","","","","","","","","","","",""
"Workout","2026-06-10","Hip Adductors","legs","1","12","45","","","","","","","","","","","","2026-06-10T04:28:03.294Z"
"Workout","2026-06-10","Chest Press Wide Machine","chest","3","7","70","","","","","","","","","","","",""
"Workout","2026-06-10","Chest Press Wide Machine","chest","2","8","70","","","","","","","","","","","",""
"Workout","2026-06-10","Chest Press Wide Machine","chest","1","10","60","","","","","","","","","","","","2026-06-10T04:22:41.582Z"
"Workout","2026-06-10","Tricep Dip Machine","triceps","4","10","72.5","","","","","","","","","","","",""
"Workout","2026-06-10","Tricep Dip Machine","triceps","3","12","72.5","","","","","","","","","","","",""
"Workout","2026-06-10","Tricep Dip Machine","triceps","2","12","65","","","","","","","","","","","",""
"Workout","2026-06-10","Tricep Dip Machine","triceps","1","13","65","","","","","","","","","","","","2026-06-10T04:14:35.925Z"
"Workout","2026-06-10","Tricep Pushdowns","triceps","4","10","65","","","","","","","","","","","",""
"Workout","2026-06-10","Tricep Pushdowns","triceps","3","10","65","","","","","","","","","","","",""
"Workout","2026-06-10","Tricep Pushdowns","triceps","2","14","57.5","","","","","","","","","","","",""
"Workout","2026-06-10","Tricep Pushdowns","triceps","1","15","50","","","","","","","","","","","","2026-06-10T04:06:36.751Z"
"Workout","2026-06-10","Calf Raises","legs","4","15","60","","","","","","","","","","","",""
"Workout","2026-06-10","Calf Raises","legs","3","15","60","","","","","","","","","","","",""
"Workout","2026-06-10","Calf Raises","legs","2","15","60","","","","","","","","","","","",""
"Workout","2026-06-10","Calf Raises","legs","1","15","40","","","","","","","","","","","","2026-06-10T03:58:18.526Z"
"Workout","2026-06-10","Fly Decline Machine","chest","3","6","80","","","","","","","","","","","",""
"Workout","2026-06-10","Fly Decline Machine","chest","2","7","80","","","","","","","","","","","",""
"Workout","2026-06-10","Fly Decline Machine","chest","1","9","80","","","","","","","","","","","","2026-06-10T03:48:19.553Z"
"Workout","2026-06-10","Bench Press Machine","chest","5","8","80","","","","","","","","","","","",""
"Workout","2026-06-10","Bench Press Machine","chest","4","5","120","","","","","","","","","","","",""
"Workout","2026-06-10","Bench Press Machine","chest","3","6","120","","","","","","","","","","","",""
"Workout","2026-06-10","Bench Press Machine","chest","2","8","120","","","","","","","","","","","",""
"Workout","2026-06-10","Bench Press Machine","chest","1","13","80","","","","","","","","","","","","2026-06-10T03:40:26.395Z"
"Workout","2026-06-10","Abs","core","8","10","10","","","","","","","","","","","",""
"Workout","2026-06-10","Abs","core","7","10","10","","","","","","","","","","","",""
"Workout","2026-06-10","Abs","core","6","10","10","","","","","","","","","","","",""
"Workout","2026-06-10","Abs","core","5","10","","","","","","","","","","","","",""
"Workout","2026-06-10","Abs","core","4","10","","","","","","","","","","","","",""
"Workout","2026-06-10","Abs","core","3","10","","","","","","","","","","","","",""
"Workout","2026-06-10","Abs","core","2","15","","","","","","","","","","","","",""
"Workout","2026-06-10","Abs","core","1","20","","","8","8","58","","","","","129","","","2026-06-10T03:28:09.425Z"
"Nutrition","2026-06-09","Protein","Protein","","","","","","","611","34","86","21","","","1serving The 100 Protein Shake","","2026-06-09T12:08:24.103Z"
"Nutrition","2026-06-09","Dinner","Dinner","","","","","","","453","42","39","14","6","","200g Grass-fed Tenderloin; 100g White Rice (Cooked); 50g Carrot; 50g Pineapple","","2026-06-09T11:43:06.403Z"
"Nutrition","2026-06-09","Supplements","Supplements","","","","","","","50","","","","","","10g Creatine (5g)","","2026-06-09T11:42:51.134Z"
"Nutrition","2026-06-09","Supplements","Supplements","","","","","","","","","","","","",".3g Zinc Supplement","","2026-06-09T11:42:47.061Z"
"Nutrition","2026-06-09","Supplements","Supplements","","","","","","","","","","","","","Vitamin D3","400 IU","2026-06-09T11:42:44.233Z"
"Nutrition","2026-06-09","Snack","Snack","","","","","","","225","","56","","54","","900ml Pocari Sweat","","2026-06-09T11:31:18.906Z"
"Nutrition","2026-06-09","Snack","Snack","","","","","","","90","1","23","","12","","1serving Banana","","2026-06-09T11:29:17.129Z"
"Nutrition","2026-06-09","Lunch","Lunch","","","","","","","446","39","37","18","","","100g Yellow Rice; 100g Chicken Thigh; 75g Grilled Tempeh","","2026-06-09T06:38:33.725Z"
"Nutrition","2026-06-09","Lunch","Lunch","","","","","","","80","4","8","3","7","","1serving Cappuccino","","2026-06-09T06:31:01.258Z"
"Nutrition","2026-06-09","Lunch","Lunch","","","","","","","658","39","67","25","6","","100g Lamb; 100g Pita; 100g Tomato; 100g Caesar Salad","","2026-06-09T06:30:39.124Z"
"Nutrition","2026-06-09","Breakfast","Breakfast","","","","","","","90","1","23","","12","","1serving Banana","","2026-06-09T03:57:27.517Z"
"Nutrition","2026-06-09","Breakfast","Breakfast","","","","","","","470","39","38","19","17","","75g Greek Yogurt (Plain); 31g Whey Protein Powder; 3g Spirulina Powder; 75g Dragonfruit; 15g Coconut Flakes (Unsweetened); 75ml Milk (Whole); 20g Granola","","2026-06-09T03:57:09.032Z"
"Nutrition","2026-06-09","Breakfast","Breakfast","","","","","","","49","1","2","2","","","5g Creatine (5g); 5g Chia Seeds","","2026-06-09T03:55:40.382Z"
"Workout","2026-06-09","Pickleball","pickleball","1","","","1","53","113","1094","","","","","125","","","2026-06-09T13:00:15.898Z"
"Nutrition","2026-06-08","Supplements","Supplements","","","","","","","3","","","","","",".35g Magnesium","","2026-06-09T03:55:09.316Z"
"Nutrition","2026-06-08","Dinner","Dinner","","","","","","","293","29","22","9","13","",".25serving Snickers Bar; 28g Whey Protein Powder; 50g Greek Yogurt (Plain); 5g Chia Seeds","","2026-06-08T14:26:33.133Z"
"Nutrition","2026-06-08","Dinner","Dinner","","","","","","","453","42","39","14","6","","200g Grass-fed Tenderloin; 100g White Rice (Cooked); 50g Carrot; 50g Pineapple","","2026-06-08T12:27:30.531Z"
"Nutrition","2026-06-08","Snack","Snack","","","","","","","90","1","23","","12","","1serving Banana","","2026-06-08T12:26:49.606Z"
"Nutrition","2026-06-08","Supplements","Supplements","","","","","","","","","","","","",".3g Zinc Supplement","","2026-06-08T09:21:46.288Z"
"Nutrition","2026-06-08","Supplements","Supplements","","","","","","","","","","","","","Vitamin D3","400 IU","2026-06-08T09:21:31.554Z"
"Nutrition","2026-06-08","Supplements","Supplements","","","","","","","50","","","","","","10g Creatine (5g)","","2026-06-08T09:21:06.407Z"
"Nutrition","2026-06-08","Protein","Protein","","","","","","","260","29","29","3","4","","31g Whey Protein Powder; 31g Mass Gainer Protein; 5g Chia Seeds","","2026-06-08T09:20:17.154Z"
"Nutrition","2026-06-08","Snack","Snack","","","","","","","178","5","26","8","13","","1serving Banana; 15g Peanut Butter","","2026-06-08T09:19:53.146Z"
"Nutrition","2026-06-08","Lunch","Lunch","","","","","","","98","2","21","","","","75g White Rice (Cooked)","","2026-06-08T05:56:26.940Z"
"Nutrition","2026-06-08","Lunch","Lunch","","","","","","","60","1","13","","8","","100g Dragonfruit","","2026-06-08T05:36:57.977Z"
"Nutrition","2026-06-08","Lunch","Lunch","","","","","","","661","50","60","25","14","","150g Salmon; 200g Tuna Sushi Roll; 1serving Latte","","2026-06-08T05:36:41.310Z"
"Nutrition","2026-06-08","Breakfast","Breakfast","","","","","","","397","33","41","11","14","","100g Chicken Breast; 75g Stir Fry Vegetables; 50g Waffles; 20g Banana; 20g Mango; 20g Strawberries","","2026-06-08T05:35:24.048Z"
"Nutrition","2026-06-08","Breakfast","Breakfast","","","","","","","194","13","19","8","6","","100g Greek Yogurt (Plain); 20g Granola; 5g Chia Seeds","","2026-06-08T05:34:39.660Z"
"Workout","2026-06-08","Arms","biceps","1","1","","1","12","72","659","","","","","125","","Day after fast. New gym","2026-06-08T08:51:51.951Z"
"Workout","2026-06-08","Rows Machine","back","3","10","50","","","","","","","","","","","",""
"Workout","2026-06-08","Rows Machine","back","2","10","50","","","","","","","","","","","",""
"Workout","2026-06-08","Rows Machine","back","1","10","50","","","","","","","","","","","","2026-06-08T08:51:01.227Z"
"Workout","2026-06-08","Incline Dumbbell Curl","biceps","4","12","15","","","","","","","","","","","",""
"Workout","2026-06-08","Incline Dumbbell Curl","biceps","3","14","15","","","","","","","","","","","",""
"Workout","2026-06-08","Incline Dumbbell Curl","biceps","2","14","15","","","","","","","","","","","",""
"Workout","2026-06-08","Incline Dumbbell Curl","biceps","1","16","15","","","","","","","","","","","","2026-06-08T08:39:18.257Z"
"Workout","2026-06-08","Shoulder Flies","shoulders","3","13","7.5","","","","","","","","","","","",""
"Workout","2026-06-08","Shoulder Flies","shoulders","2","14","7.5","","","","","","","","","","","",""
"Workout","2026-06-08","Shoulder Flies","shoulders","1","15","7.5","","","","","","","","","","","","2026-06-08T08:30:32.326Z"
"Workout","2026-06-08","Hammer Curls","biceps","4","18","18","","","","","","","","","","","",""
"Workout","2026-06-08","Hammer Curls","biceps","3","18","18","","","","","","","","","","","",""
"Workout","2026-06-08","Hammer Curls","biceps","2","14","20","","","","","","","","","","","",""
"Workout","2026-06-08","Hammer Curls","biceps","1","20","18","","","","","","","","","","","","2026-06-08T08:25:36.634Z"
"Workout","2026-06-08","Rear Delt Fly Machine","shoulders","4","10","67.5","","","","","","","","","","","",""
"Workout","2026-06-08","Rear Delt Fly Machine","shoulders","3","10","67.5","","","","","","","","","","","",""
"Workout","2026-06-08","Rear Delt Fly Machine","shoulders","2","12","60","","","","","","","","","","","",""
"Workout","2026-06-08","Rear Delt Fly Machine","shoulders","1","12","52.5","","","","","","","","","","","","2026-06-08T08:12:46.370Z"
"Workout","2026-06-08","Barbell Curls","biceps","4","6","40","","","","","","","","","","","",""
"Workout","2026-06-08","Barbell Curls","biceps","3","6","40","","","","","","","","","","","",""
"Workout","2026-06-08","Barbell Curls","biceps","2","6","40","","","","","","","","","","","",""
"Workout","2026-06-08","Barbell Curls","biceps","1","15","20","","","","","","","","","","","","2026-06-08T08:00:30.483Z"
"Workout","2026-06-08","Pull-ups","back","3","9","10","","","","","","","","","","","",""
"Workout","2026-06-08","Pull-ups","back","2","10","10","","","","","","","","","","","",""
"Workout","2026-06-08","Pull-ups","back","1","10","","","","","","","","","","","","","2026-06-08T07:50:14.617Z"
"Workout","2026-06-08","Hanging Knee Tucks","core","4","15","10","","","","","","","","","","","",""
"Workout","2026-06-08","Hanging Knee Tucks","core","3","15","5","","","","","","","","","","","",""
"Workout","2026-06-08","Hanging Knee Tucks","core","2","15","","","","","","","","","","","","",""
"Workout","2026-06-08","Hanging Knee Tucks","core","1","15","","","","","","","","","","","","","2026-06-08T07:45:24.373Z"
"Nutrition","2026-06-03","Snack","Snack","","","","","","","260","7","46","6","12","","1serving Pancakes (2)","","2026-06-03T13:39:54.804Z"
"Nutrition","2026-06-03","Dinner","Dinner","","","","","","","689","56","55","25","15","","75g White Rice (Cooked); 100g Duck Breast; 50g Stir Fry Vegetables; 2serving Coconut Water (250ml); 100g Fried Chicken","","2026-06-03T13:39:31.748Z"
"Nutrition","2026-06-03","Lunch","Lunch","","","","","","","1031","50","122","38","45","","150g BBQ Brisket Sandwich; 200ml Fresh Mango Juice; 1serving Cappuccino; 50g French Fries","","2026-06-03T13:38:14.262Z"
"Nutrition","2026-06-03","Breakfast","Breakfast","","","","","","","137","5","27","1","1","","50g Sourdough Bread","","2026-06-03T01:07:49.520Z"
"Nutrition","2026-06-03","Breakfast","Breakfast","","","","","","","80","4","8","3","7","","1serving Cappuccino","","2026-06-03T01:07:32.484Z"
"Nutrition","2026-06-03","Breakfast","Breakfast","","","","","","","362","36","24","14","8","","50g Greek Yogurt (Plain); 2oz Milk (2%); 31g Whey Protein Powder; 5g Chia Seeds; 10g Coconut Flakes (Unsweetened); 5g Spirulina Powder; 15g Granola","","2026-06-03T01:07:23.287Z"
"Nutrition","2026-06-02","Dinner","Dinner","","","","","","","813","66","57","36","16","","200g Beef Stir Fry; 250g Tom Kha Soup; 75g White Rice (Cooked)","","2026-06-03T00:26:53.347Z"
"Nutrition","2026-06-02","Snack","Snack","","","","","","","300","12","30","16","3","","46g Whole Wheat Bread; 30g Peanut Butter; 25g Jelly","","2026-06-02T10:44:40.625Z"
"Nutrition","2026-06-02","Snack","Snack","","","","","","","92","5","8","5","8","","150ml Milk (Whole)","","2026-06-02T10:44:32.240Z"
"Nutrition","2026-06-02","Breakfast","Breakfast","","","","","","","90","1","23","","12","","1serving Banana","","2026-06-02T08:25:42.292Z"
"Nutrition","2026-06-02","Snack","Snack","","","","","","","140","2","13","9","10","","1serving Mini Magnum","","2026-06-02T08:25:29.754Z"
"Nutrition","2026-06-02","Lunch","Lunch","","","","","","","510","46","41","20","","","120g Yellow Rice; 150g Chicken Thigh; 50g Grilled Tempeh","","2026-06-02T08:24:50.484Z"
"Nutrition","2026-06-02","Breakfast","Breakfast","","","","","","","362","36","24","14","8","","50g Greek Yogurt (Plain); 2oz Milk (2%); 31g Whey Protein Powder; 5g Chia Seeds; 10g Coconut Flakes (Unsweetened); 5g Spirulina Powder; 15g Granola","","2026-06-02T08:24:18.147Z"
"Nutrition","2026-06-02","Breakfast","Breakfast","","","","","","","111","5","15","3","9","","1serving Cappuccino; 25ml Ginger Root; 25ml Beetroot","","2026-06-02T01:50:06.293Z"
"Nutrition","2026-06-02","Breakfast","Breakfast","","","","","","","80","4","8","3","7","","1serving Cappuccino","","2026-06-02T01:49:10.506Z"
"Nutrition","2026-06-02","Breakfast","Breakfast","","","","","","","648","45","53","27","3","","90g Sourdough Bread; 1serving Scrambled Eggs (2); 50g Ham; 60g Mozzarella","","2026-06-02T01:48:50.688Z"
"Nutrition","2026-06-01","Dinner","Dinner","","","","","","","964","83","102","24","8","","200g Beef Dumplings (Steamed); 250g Cod; 100g Salmon Nigiri; 75g Naan Bread","","2026-06-02T01:53:59.123Z"
"Nutrition","2026-06-01","Lunch","Lunch","","","","","","","785","108","63","10","30","","300g Chicken Breast; 100g Sweet Potato; 100g Mango; 1serving Banana; 31g Whey Protein Powder; 25g Collagen Powder; 1serving Espresso","","2026-06-02T01:53:08.321Z"
"Nutrition","2026-06-01","Breakfast","Breakfast","","","","","","","111","5","15","3","9","","1serving Cappuccino; 25ml Ginger Root; 25ml Beetroot","","2026-06-02T01:49:53.996Z"
"Nutrition","2026-06-01","Breakfast","Breakfast","","","","","","","180","12","2","14","","","1serving Scrambled Eggs (2)","","2026-06-01T12:10:32.002Z"
"Workout","2026-06-01","Arms","biceps","1","1","","","40","40","465","","","","","135","","","2026-06-01T05:15:54.556Z"
"Workout","2026-06-01","Incline Dumbbell Curl","biceps","4","8","16","","","","","","","","","","","",""
"Workout","2026-06-01","Incline Dumbbell Curl","biceps","3","8","16","","","","","","","","","","","",""
"Workout","2026-06-01","Incline Dumbbell Curl","biceps","2","10","16","","","","","","","","","","","",""
"Workout","2026-06-01","Incline Dumbbell Curl","biceps","1","16","16","","","","","","","","","","","","2026-06-01T05:15:28.487Z"
"Workout","2026-06-01","Tricep Dip Machine","triceps","4","12","72.5","","","","","","","","","","","",""
"Workout","2026-06-01","Tricep Dip Machine","triceps","3","12","72.5","","","","","","","","","","","",""
"Workout","2026-06-01","Tricep Dip Machine","triceps","2","15","72.5","","","","","","","","","","","",""
"Workout","2026-06-01","Tricep Dip Machine","triceps","1","15","65","","","","","","","","","","","","2026-06-01T05:07:45.009Z"
"Workout","2026-06-01","Hammer Curls","biceps","4","16","18","","","","","","","","","","","",""
"Workout","2026-06-01","Hammer Curls","biceps","3","16","18","","","","","","","","","","","",""
"Workout","2026-06-01","Hammer Curls","biceps","2","18","18","","","","","","","","","","","",""
"Workout","2026-06-01","Hammer Curls","biceps","1","20","18","","","","","","","","","","","","2026-06-01T04:55:58.285Z"
"Workout","2026-06-01","Tricep Pushdowns","triceps","4","10","65","","","","","","","","","","","",""
"Workout","2026-06-01","Tricep Pushdowns","triceps","3","12","57.5","","","","","","","","","","","",""
"Workout","2026-06-01","Tricep Pushdowns","triceps","2","15","50","","","","","","","","","","","",""
"Workout","2026-06-01","Tricep Pushdowns","triceps","1","12","40","","","","","","","","","","","","2026-06-01T04:46:34.341Z"
"Workout","2026-06-01","Barbell Curls","biceps","4","10","30","","","","","","","","","","","",""
"Workout","2026-06-01","Barbell Curls","biceps","3","10","30","","","","","","","","","","","",""
"Workout","2026-06-01","Barbell Curls","biceps","2","10","30","","","","","","","","","","","",""
"Workout","2026-06-01","Barbell Curls","biceps","1","10","30","","","","","","","","","","","","2026-06-01T04:44:02.614Z"
"Workout","2026-06-01","Abs","core","6","20","10","","","","","","","","","","","",""
"Workout","2026-06-01","Abs","core","5","10","20","","","","","","","","","","","",""
"Workout","2026-06-01","Abs","core","4","10","20","","","","","","","","","","","",""
"Workout","2026-06-01","Abs","core","3","15","10","","","","","","","","","","","",""
"Workout","2026-06-01","Abs","core","2","15","10","","","","","","","","","","","",""
"Workout","2026-06-01","Abs","core","1","20","20","","10","10","85","","","","","133","","","2026-06-01T04:33:33.047Z"
"Nutrition","2026-05-30","Dinner","Dinner","","","","","","","390","18","54","11","3","","200g Pasta (Cooked); 50g Alfredo Sauce; 30g Scallops (Cooked)","","2026-05-31T04:17:13.184Z"
"Nutrition","2026-05-30","Lunch","Lunch","","","","","","","727","42","100","17","45","","100g Beef Patty; 130g Jasmine Rice (Cooked); 50g Green Beans; 100g Mango; 500ml Coconut Water (250ml)","","2026-05-30T08:12:15.779Z"
"Nutrition","2026-05-30","Protein","Protein","","","","","","","265","29","29","3","4","","31g Whey Protein Powder; 31g Mass Gainer Protein; 5g Creatine (5g); 5g Chia Seeds","","2026-05-30T06:09:54.954Z"
"Nutrition","2026-05-30","Breakfast","Breakfast","","","","","","","1313","69","152","50","55","","1serving Scrambled Eggs (2); 200g Waffles; 50g Mango; 50g Apple; 20g Peanut Butter; 1serving Cappuccino; 300ml Coconut Water (250ml); 31g Whey Protein Powder","","2026-05-30T02:10:50.596Z"
"Workout","2026-05-30","Back","back","1","1","","1","","60","535","","","","","124","","","2026-05-30T05:51:55.151Z"
"Workout","2026-05-30","Plate Side Bends","back","3","10","28","","","","","","","","","","","",""
"Workout","2026-05-30","Plate Side Bends","back","2","10","28","","","","","","","","","","","",""
"Workout","2026-05-30","Plate Side Bends","back","1","10","28","","","","","","","","","","","","2026-05-30T05:51:36.499Z"
"Workout","2026-05-30","Cable Lateral Raise","shoulders","4","6","10","","","","","","","","","","","",""
"Workout","2026-05-30","Cable Lateral Raise","shoulders","3","6","15","","","","","","","","","","","",""
"Workout","2026-05-30","Cable Lateral Raise","shoulders","2","6","15","","","","","","","","","","","",""
"Workout","2026-05-30","Cable Lateral Raise","shoulders","1","12","10","","","","","","","","","","","","2026-05-30T05:43:57.616Z"
"Workout","2026-05-30","Lat Pulldown","back","4","8","67.5","","","","","","","","","","","",""
"Workout","2026-05-30","Lat Pulldown","back","3","8","67.5","","","","","","","","","","","",""
"Workout","2026-05-30","Lat Pulldown","back","2","10","67.5","","","","","","","","","","","",""
"Workout","2026-05-30","Lat Pulldown","back","1","10","67.5","","","","","","","","","","","","2026-05-30T05:33:49.658Z"
"Workout","2026-05-30","Rear Delt Fly Machine","shoulders","4","10","57.5","","","","","","","","","","","",""
"Workout","2026-05-30","Rear Delt Fly Machine","shoulders","3","10","57.5","","","","","","","","","","","",""
"Workout","2026-05-30","Rear Delt Fly Machine","shoulders","2","11","57.5","","","","","","","","","","","",""
"Workout","2026-05-30","Rear Delt Fly Machine","shoulders","1","12","50","","","","","","","","","","","","2026-05-30T05:18:16.588Z"
"Workout","2026-05-30","Rows Machine","back","5","8","60","","","","","","","","","","","",""
"Workout","2026-05-30","Rows Machine","back","4","9","60","","","","","","","","","","","",""
"Workout","2026-05-30","Rows Machine","back","3","9","60","","","","","","","","","","","",""
"Workout","2026-05-30","Rows Machine","back","2","8","67.5","","","","","","","","","","","",""
"Workout","2026-05-30","Rows Machine","back","1","7","67.5","","","","","","","","","","","","2026-05-30T05:06:49.811Z"
"Workout","2026-05-30","Pull-ups","back","3","10","","","","","","","","","","","","",""
"Workout","2026-05-30","Pull-ups","back","2","10","","","","","","","","","","","","",""
"Workout","2026-05-30","Pull-ups","back","1","10","","","","","","","","","","","","","2026-05-30T04:55:32.825Z"
"Workout","2026-05-30","Abs","core","8","20","10","","","","","","","","","","","",""
"Workout","2026-05-30","Abs","core","7","20","10","","","","","","","","","","","",""
"Workout","2026-05-30","Abs","core","6","20","10","","","","","","","","","","","",""
"Workout","2026-05-30","Abs","core","5","20","","","","","","","","","","","","",""
"Workout","2026-05-30","Abs","core","4","15","10","","","","","","","","","","","",""
"Workout","2026-05-30","Abs","core","3","15","10","","","","","","","","","","","",""
"Workout","2026-05-30","Abs","core","2","15","10","","","","","","","","","","","",""
"Workout","2026-05-30","Abs","core","1","15","","","8","8","63","","","","","116","","","2026-05-30T04:48:47.040Z"
"Nutrition","2026-05-29","Snack","Snack","","","","","","","230","10","45","","30","","500ml Coconut Water (250ml)","","2026-05-30T01:28:33.972Z"
"Nutrition","2026-05-29","Snack","Snack","","","","","","","212","3","38","6","24","","1serving Banana; .25serving Snickers","","2026-05-30T01:28:13.521Z"
"Nutrition","2026-05-29","Snack","Snack","","","","","","","181","5","28","6","2","","50g Pretzel Roll; 5g Butter","","2026-05-29T14:31:51.246Z"
"Nutrition","2026-05-29","Dinner","Dinner","","","","","","","820","51","110","16","34","","150g Chicken Thigh; 200g White Rice (Cooked); 75g Stir Fry Vegetables; 500ml Coconut Water (250ml)","Sick Day","2026-05-29T10:27:17.843Z"
"Nutrition","2026-05-29","Breakfast","Breakfast","","","","","","","5","","","","","","5g Creatine (5g)","","2026-05-29T04:56:12.950Z"
"Nutrition","2026-05-29","Breakfast","Breakfast","","","","","","","80","4","8","3","7","","1serving Cappuccino","","2026-05-29T04:55:58.515Z"
"Nutrition","2026-05-29","Supplements","Supplements","","","","","","","","","","","","",".3g Zinc Supplement","","2026-05-29T04:55:40.990Z"
"Nutrition","2026-05-29","Supplements","Supplements","","","","","","","","","","","","","Vitamin D3","400 IU","2026-05-29T04:55:36.555Z"
"Nutrition","2026-05-29","Breakfast","Breakfast","","","","","","","362","36","24","14","8","","50g Greek Yogurt (Plain); 2oz Milk (2%); 31g Whey Protein Powder; 5g Chia Seeds; 10g Coconut Flakes (Unsweetened); 5g Spirulina Powder; 15g Granola","","2026-05-29T04:55:26.805Z"
"Nutrition","2026-05-29","Breakfast","Breakfast","","","","","","","625","40","58","23","","","200g White Rice (Cooked); 1serving Omelette (2 eggs); 100g Chicken Thigh","","2026-05-29T01:59:04.275Z"
"Nutrition","2026-05-26","Supplements","Supplements","","","","","","","5","","","","","","5g Creatine (5g)","","2026-05-26T14:37:22.063Z"
"Nutrition","2026-05-26","Snack","Snack","","","","","","","120","","30","","30","","500ml Pocari Sweat","","2026-05-26T14:36:46.088Z"
"Nutrition","2026-05-26","Protein","Protein","","","","","","","341","53","18","6","9","","62g Whey Protein Powder; 150ml Milk (2%); 5g Chia Seeds","Sick Day","2026-05-26T11:59:04.529Z"
"Nutrition","2026-05-26","Supplements","Supplements","","","","","","","","","","","","",".3g Zinc Supplement","","2026-05-26T11:48:56.253Z"
"Nutrition","2026-05-26","Snack","Snack","","","","","","","120","","30","","30","","500ml Pocari Sweat","","2026-05-26T11:48:25.841Z"
"Nutrition","2026-05-26","Lunch","Lunch","","","","","","","273","24","21","9","","","100g Chicken Thigh; 75g White Rice (Cooked)","","2026-05-26T11:47:49.289Z"
"Nutrition","2026-05-26","Lunch","Lunch","","","","","","","90","1","23","","12","","1serving Banana","","2026-05-26T11:47:15.609Z"
"Nutrition","2026-05-26","Snack","Snack","","","","","","","230","10","45","","30","","500ml Coconut Water (250ml)","","2026-05-26T08:14:09.061Z"
"Nutrition","2026-05-26","Breakfast","Breakfast","","","","","","","734","30","61","41","3","","1serving Scrambled Eggs (2); 25g Bacon; 50g Potato Wedges; 40g Avocado; .75serving Tortilla (Flour)","","2026-05-26T03:05:59.046Z"
"Nutrition","2026-05-26","Breakfast","Breakfast","","","","","","","90","1","23","","12","","1serving Banana","","2026-05-26T03:05:45.053Z"
"Nutrition","2026-05-26","Supplements","Supplements","","","","","","","","","","","","","Vitamin D3","400 IU","2026-05-26T03:05:38.299Z"
"Workout","2026-05-26","Stretching Routine","stretching","1","","","","11","11","","","","","","","","","2026-05-26T07:44:23.268Z"
"Workout","2026-05-26","Arms","biceps","1","1","","","52","52","326","","","","","102","","Sick day","2026-05-26T07:33:32.598Z"
"Workout","2026-05-26","Tricep Dip Machine","triceps","3","15","65","","","","","","","","","","","",""
"Workout","2026-05-26","Tricep Dip Machine","triceps","2","15","65","","","","","","","","","","","",""
"Workout","2026-05-26","Tricep Dip Machine","triceps","1","18","57.5","","","","","","","","","","","","2026-05-26T07:33:03.961Z"
"Workout","2026-05-26","Barbell Curls","biceps","3","10","20","","","","","","","","","","","",""
"Workout","2026-05-26","Barbell Curls","biceps","2","10","20","","","","","","","","","","","",""
"Workout","2026-05-26","Barbell Curls","biceps","1","10","20","","","","","","","","","","","","2026-05-26T07:26:14.906Z"
"Workout","2026-05-26","Barbell Curls","biceps","3","10","30","","","","","","","","","","","",""
"Workout","2026-05-26","Barbell Curls","biceps","2","12","30","","","","","","","","","","","",""
"Workout","2026-05-26","Barbell Curls","biceps","1","14","30","","","","","","","","","","","","2026-05-26T07:25:55.219Z"
"Workout","2026-05-26","Tricep Pulldowns","triceps","4","8","30","","","","","","","","","","","",""
"Workout","2026-05-26","Tricep Pulldowns","triceps","3","8","30","","","","","","","","","","","",""
"Workout","2026-05-26","Tricep Pulldowns","triceps","2","8","30","","","","","","","","","","","",""
"Workout","2026-05-26","Tricep Pulldowns","triceps","1","8","30","","","","","","","","","","","","2026-05-26T07:14:57.463Z"
"Workout","2026-05-26","Tricep Pulldowns","triceps","4","10","45","","","","","","","","","","","",""
"Workout","2026-05-26","Tricep Pulldowns","triceps","3","10","45","","","","","","","","","","","",""
"Workout","2026-05-26","Tricep Pulldowns","triceps","2","12","45","","","","","","","","","","","",""
"Workout","2026-05-26","Tricep Pulldowns","triceps","1","12","45","","","","","","","","","","","","2026-05-26T07:14:43.310Z"
"Workout","2026-05-26","Incline Dumbbell Curl","biceps","4","14","16","","","","","","","","","","","",""
"Workout","2026-05-26","Incline Dumbbell Curl","biceps","3","14","16","","","","","","","","","","","",""
"Workout","2026-05-26","Incline Dumbbell Curl","biceps","2","14","16","","","","","","","","","","","",""
"Workout","2026-05-26","Incline Dumbbell Curl","biceps","1","14","16","","","","","","","","","","","","2026-05-26T07:04:44.115Z"
"Workout","2026-05-26","Hammer Curls","biceps","4","14","20","","","","","","","","","","","",""
"Workout","2026-05-26","Hammer Curls","biceps","3","14","20","","","","","","","","","","","",""
"Workout","2026-05-26","Hammer Curls","biceps","2","20","18","","","","","","","","","","","",""
"Workout","2026-05-26","Hammer Curls","biceps","1","18","18","","","","","","","","","","","","2026-05-26T06:54:43.832Z"
"Nutrition","2026-05-25","Supplements","Supplements","","","","","","","","","","","","","Vitamin D3","400 IU","2026-05-25T12:52:11.852Z"
"Nutrition","2026-05-25","Supplements","Supplements","","","","","","","3","","","","","",".35g Magnesium","","2026-05-25T12:52:00.929Z"
"Nutrition","2026-05-25","Supplements","Supplements","","","","","","","","","","","","",".3g Zinc Supplement","","2026-05-25T12:51:57.396Z"
"Nutrition","2026-05-25","Snack","Snack","","","","","","","140","2","13","9","10","","1serving Mini Magnum","","2026-05-25T12:51:02.212Z"
"Nutrition","2026-05-25","Dinner","Dinner","","","","","","","296","9","42","11","15","","46g Whole Wheat Bread; 20g Raspberry Jam; 20g Peanut Butter","","2026-05-25T12:42:18.496Z"
"Nutrition","2026-05-25","Snack","Snack","","","","","","","230","10","45","","30","","500ml Coconut Water (250ml)","","2026-05-25T11:44:05.904Z"
"Nutrition","2026-05-25","Snack","Snack","","","","","","","120","","30","","30","","500ml Pocari Sweat","","2026-05-25T11:43:38.354Z"
"Nutrition","2026-05-25","Lunch","Lunch","","","","","","","285","6","65","","12","","1serving Banana; 150g White Rice (Cooked)","","2026-05-25T11:42:34.386Z"
"Nutrition","2026-05-25","Breakfast","Breakfast","","","","","","","362","36","24","14","8","","50g Greek Yogurt (Plain); 2oz Milk (2%); 31g Whey Protein Powder; 5g Chia Seeds; 10g Coconut Flakes (Unsweetened); 5g Spirulina Powder; 15g Granola","","2026-05-25T11:42:04.199Z"
"Nutrition","2026-05-25","Lunch","Lunch","","","","","","","478","40","70","5","20","","2.5serving Vietnamese Pho; 250ml Coconut Water (250ml)","","2026-05-25T11:41:51.942Z"
"Nutrition","2026-05-25","Supplements","Supplements","","","","","","","3","","","","","","3g Creatine","Sick Day","2026-05-25T01:53:13.712Z"
"Nutrition","2026-05-25","Breakfast","Breakfast","","","","","","","90","1","23","","12","","1serving Banana","","2026-05-25T01:53:05.850Z"
"Nutrition","2026-05-24","Supplements","Supplements","","","","","","","","","","","","","Vitamin D3","400 IU","2026-05-24T12:19:00.724Z"
"Nutrition","2026-05-24","Dinner","Dinner","","","","","","","75","5","8","3","8","","150ml Milk (2%)","","2026-05-24T12:18:49.526Z"
"Nutrition","2026-05-24","Dinner","Dinner","","","","","","","244","4","29","12","23","",".5serving Snickers","","2026-05-24T12:18:05.290Z"
"Nutrition","2026-05-24","Dinner","Dinner","","","","","","","90","1","23","","12","","1serving Banana; 200ml Vitamin C Drink","","2026-05-24T11:11:05.964Z"
"Nutrition","2026-05-24","Supplements","Supplements","","","","","","","3","","","","","","3g Creatine","Sick Day","2026-05-24T08:43:21.152Z"
"Nutrition","2026-05-24","Lunch","Lunch","","","","","","","1035","53","141","28","42","","300g Margherita Pizza; 40g Chicken Breast; 500ml Coconut Water","","2026-05-24T08:43:01.817Z"
"Nutrition","2026-05-24","Breakfast","Breakfast","","","","","","","362","36","24","14","8","","50g Greek Yogurt (Plain); 2oz Milk (2%); 31g Whey Protein Powder; 5g Chia Seeds; 10g Coconut Flakes (Unsweetened); 5g Spirulina Powder; 15g Granola","","2026-05-24T02:48:53.702Z"
"Nutrition","2026-05-23","Dinner","Dinner","","","","","","","657","47","69","20","1","","150g Chicken Breast; 100g French Fries; 50g Pita Bread","Sick day","2026-05-23T13:38:25.782Z"
"Nutrition","2026-05-23","Breakfast","Breakfast","","","","","","","90","1","23","","12","","1serving Banana","","2026-05-23T13:37:48.402Z"
"Nutrition","2026-05-23","Supplements","Supplements","","","","","","","","","","","","","Vitamin D3","400 IU","2026-05-23T13:37:37.218Z"
"Nutrition","2026-05-23","Supplements","Supplements","","","","","","","3","","","","","",".35g Magnesium","","2026-05-23T13:37:33.131Z"
"Nutrition","2026-05-23","Supplements","Supplements","","","","","","","","","","","","",".3g Zinc Supplement","","2026-05-23T13:37:27.379Z"
"Nutrition","2026-05-23","Supplements","Supplements","","","","","","","5","","","","","","5g Creatine","","2026-05-23T13:37:25.063Z"
"Nutrition","2026-05-23","Breakfast","Breakfast","","","","","","","362","36","24","14","8","","50g Greek Yogurt (Plain); 2oz Milk (2%); 31g Whey Protein Powder; 5g Chia Seeds; 10g Coconut Flakes (Unsweetened); 5g Spirulina Powder; 15g Granola","","2026-05-23T06:42:08.866Z"
"Nutrition","2026-05-22","Dinner","Dinner","","","","","","","588","18","83","22","30","","90g Whole Wheat Bread; 40g Peanut Butter; 40g Raspberry Jam","Sick Day","2026-05-22T12:22:24.134Z"
"Nutrition","2026-05-22","Supplements","Supplements","","","","","","","5","","","","","","5g Creatine","","2026-05-22T07:33:14.341Z"
"Nutrition","2026-05-22","Supplements","Supplements","","","","","","","","","","","","",".3g Zinc Supplement","","2026-05-22T07:33:00.236Z"
"Nutrition","2026-05-22","Lunch","Lunch","","","","","","","640","62","58","27","","","200g Chicken Thigh; 120g Red Rice (Cooked); 75g Tempeh","","2026-05-22T07:24:45.613Z"
"Nutrition","2026-05-22","Breakfast","Breakfast","","","","","","","490","26","55","18","4","","1serving Scrambled Eggs (2); 90g Sourdough Bread; 50g Cherry Tomato; 50g Mushrooms; 10g Parmesan Cheese","","2026-05-22T05:29:11.515Z"
"Nutrition","2026-05-22","Lunch","Lunch","","","","","","","90","1","23","","12","","1serving Banana","","2026-05-22T05:28:01.541Z"
"Nutrition","2026-05-22","Breakfast","Breakfast","","","","","","","362","36","24","14","8","","50g Greek Yogurt (Plain); 2oz Milk (2%); 31g Whey Protein Powder; 5g Chia Seeds; 10g Coconut Flakes (Unsweetened); 5g Spirulina Powder; 15g Granola","","2026-05-22T05:27:50.231Z"
"Nutrition","2026-05-22","Breakfast","Breakfast","","","","","","","80","4","8","3","7","","1serving Cappuccino","","2026-05-22T05:27:42.656Z"
"Workout","2026-05-22","Arms","biceps","1","1","","1","2","62","537","","","","","120","","","2026-05-22T06:52:09.578Z"
"Workout","2026-05-22","Incline Dumbbell Curl","biceps","4","6","16","","","","","","","","","","","",""
"Workout","2026-05-22","Incline Dumbbell Curl","biceps","3","6","16","","","","","","","","","","","",""
"Workout","2026-05-22","Incline Dumbbell Curl","biceps","2","7","16","","","","","","","","","","","",""
"Workout","2026-05-22","Incline Dumbbell Curl","biceps","1","7","16","","","","","","","","","","","","2026-05-22T06:51:41.374Z"
"Workout","2026-05-22","Rear Delt Fly Machine","shoulders","4","10","57.5","","","","","","","","","","","",""
"Workout","2026-05-22","Rear Delt Fly Machine","shoulders","3","10","57.5","","","","","","","","","","","",""
"Workout","2026-05-22","Rear Delt Fly Machine","shoulders","2","12","50","","","","","","","","","","","",""
"Workout","2026-05-22","Rear Delt Fly Machine","shoulders","1","12","50","","","","","","","","","","","","2026-05-22T06:35:03.600Z"
"Workout","2026-05-22","Tricep Pulldowns","triceps","5","8","45","","","","","","","","","","","",""
"Workout","2026-05-22","Tricep Pulldowns","triceps","4","10","45","","","","","","","","","","","",""
"Workout","2026-05-22","Tricep Pulldowns","triceps","3","12","45","","","","","","","","","","","",""
"Workout","2026-05-22","Tricep Pulldowns","triceps","2","12","45","","","","","","","","","","","",""
"Workout","2026-05-22","Tricep Pulldowns","triceps","1","13","45","","","","","","","","","","","","2026-05-22T06:24:35.436Z"
"Workout","2026-05-22","Hammer Curls","biceps","4","9","18","","","","","","","","","","","",""
"Workout","2026-05-22","Hammer Curls","biceps","3","10","18","","","","","","","","","","","",""
"Workout","2026-05-22","Hammer Curls","biceps","2","10","18","","","","","","","","","","","",""
"Workout","2026-05-22","Hammer Curls","biceps","1","12","16","","","","","","","","","","","","2026-05-22T06:14:25.189Z"
"Workout","2026-05-22","Tricep Dip Machine","triceps","4","10","80","","","","","","","","","","","",""
"Workout","2026-05-22","Tricep Dip Machine","triceps","3","12","80","","","","","","","","","","","",""
"Workout","2026-05-22","Tricep Dip Machine","triceps","2","18","65","","","","","","","","","","","",""
"Workout","2026-05-22","Tricep Dip Machine","triceps","1","20","45","","","","","","","","","","","","2026-05-22T06:01:50.868Z"
"Workout","2026-05-22","Face Pull","shoulders","4","12","57.5","","","","","","","","","","","",""
"Workout","2026-05-22","Face Pull","shoulders","3","12","57.5","","","","","","","","","","","",""
"Workout","2026-05-22","Face Pull","shoulders","2","12","57.5","","","","","","","","","","","",""
"Workout","2026-05-22","Face Pull","shoulders","1","15","50","","","","","","","","","","","","2026-05-22T05:55:17.015Z"
"Nutrition","2026-05-21","Supplements","Supplements","","","","","","","3","","","","","",".35g Magnesium","","2026-05-21T14:49:24.526Z"
"Nutrition","2026-05-21","Supplements","Supplements","","","","","","","","","","","","",".3g Zinc Supplement","","2026-05-21T14:49:20.793Z"
"Nutrition","2026-05-21","Supplements","Supplements","","","","","","","","","","","","","Vitamin D3","400 IU","2026-05-21T14:49:10.220Z"
"Nutrition","2026-05-21","Snack","Snack","","","","","","","140","2","13","9","10","","1serving Mini Magnum","","2026-05-21T14:48:49.555Z"
"Nutrition","2026-05-21","Snack","Snack","","","","","","","99","3","23","1","9","","100g Cucumber; 100g Beetroot; 50g Ginger Root","","2026-05-21T13:30:47.315Z"
"Nutrition","2026-05-21","Dinner","Dinner","","","","","","","650","50","55","15","","","1serving Salmon Poke Bowl","","2026-05-21T12:44:31.614Z"
"Nutrition","2026-05-21","Lunch","Lunch","","","","","","","90","1","23","","12","","1serving Banana","","2026-05-21T09:21:28.160Z"
"Nutrition","2026-05-21","Lunch","Lunch","","","","","","","265","29","29","3","4","","31g Whey Protein Powder; 31g Mass Gainer Protein; 5g Creatine (5g); 5g Chia Seeds","","2026-05-21T09:21:15.079Z"
"Nutrition","2026-05-21","Lunch","Lunch","","","","","","","573","69","51","9","13","","150g Red Rice; 250g Chicken Breast; 100g Mango","","2026-05-21T08:02:25.210Z"
"Nutrition","2026-05-21","Breakfast","Breakfast","","","","","","","3","","","","","","3g Creatine","","2026-05-21T04:02:48.262Z"
"Nutrition","2026-05-21","Breakfast","Breakfast","","","","","","","362","36","24","14","8","","50g Greek Yogurt (Plain); 2oz Milk (2%); 31g Whey Protein Powder; 5g Chia Seeds; 10g Coconut Flakes (Unsweetened); 5g Spirulina Powder; 15g Granola","","2026-05-21T04:02:35.232Z"
"Nutrition","2026-05-21","Breakfast","Breakfast","","","","","","","80","4","8","3","7","","1serving Cappuccino","","2026-05-21T04:02:18.592Z"
"Nutrition","2026-05-21","Breakfast","Breakfast","","","","","","","734","30","61","41","3","","1serving Scrambled Eggs (2); 25g Bacon; 50g Potato Wedges; 40g Avocado; .75serving Tortilla (Flour)","","2026-05-21T04:01:56.750Z"
"Workout","2026-05-21","Sauna","recovery","1","","","","10","10","","","","","","","","","2026-05-21T08:08:16.660Z"
"Workout","2026-05-21","Abs","core","6","10","20","","","","","","","","","","","",""
"Workout","2026-05-21","Abs","core","5","10","20","","","","","","","","","","","",""
"Workout","2026-05-21","Abs","core","4","10","20","","","","","","","","","","","",""
"Workout","2026-05-21","Abs","core","3","10","20","","","","","","","","","","","",""
"Workout","2026-05-21","Abs","core","2","15","10","","","","","","","","","","","",""
"Workout","2026-05-21","Abs","core","1","20","10","","13","13","102","","","","","120","","","2026-05-21T06:03:09.071Z"
"Workout","2026-05-21","Legs","legs","1","1","","","41","41","287","","","","","112","","","2026-05-21T05:51:20.475Z"
"Workout","2026-05-21","Leg Curl","legs","3","8","65","","","","","","","","","","","",""
"Workout","2026-05-21","Leg Curl","legs","2","10","65","","","","","","","","","","","",""
"Workout","2026-05-21","Leg Curl","legs","1","15","57.5","","","","","","","","","","","","2026-05-21T05:50:57.356Z"
"Workout","2026-05-21","Calf Raises","legs","4","15","60","","","","","","","","","","","",""
"Workout","2026-05-21","Calf Raises","legs","3","15","60","","","","","","","","","","","",""
"Workout","2026-05-21","Calf Raises","legs","2","15","40","","","","","","","","","","","",""
"Workout","2026-05-21","Calf Raises","legs","1","15","60","","","","","","","","","","","","2026-05-21T05:43:23.880Z"
"Workout","2026-05-21","Hip Abductor Machine","legs","4","8","80","","","","","","","","","","","",""
"Workout","2026-05-21","Hip Abductor Machine","legs","3","10","80","","","","","","","","","","","",""
"Workout","2026-05-21","Hip Abductor Machine","legs","2","10","80","","","","","","","","","","","",""
"Workout","2026-05-21","Hip Abductor Machine","legs","1","10","80","","","","","","","","","","","","2026-05-21T05:32:54.939Z"
"Workout","2026-05-21","Hip Adductors","legs","4","8","50","","","","","","","","","","","",""
"Workout","2026-05-21","Hip Adductors","legs","3","10","50","","","","","","","","","","","",""
"Workout","2026-05-21","Hip Adductors","legs","2","10","50","","","","","","","","","","","",""
"Workout","2026-05-21","Hip Adductors","legs","1","12","45","","","","","","","","","","","","2026-05-21T05:26:28.397Z"
"Workout","2026-05-21","Leg Press","legs","4","10","40","","","","","","","","","","","",""
"Workout","2026-05-21","Leg Press","legs","3","10","40","","","","","","","","","","","",""
"Workout","2026-05-21","Leg Press","legs","2","10","40","","","","","","","","","","","",""
"Workout","2026-05-21","Leg Press","legs","1","10","40","","","","","","","","","","","Knee injury","2026-05-21T05:19:21.550Z"
"Nutrition","2026-05-20","Supplements","Supplements","","","","","","","3","","","","","",".35g Magnesium","","2026-05-20T13:34:39.974Z"
"Nutrition","2026-05-20","Supplements","Supplements","","","","","","","","","","","","","Vitamin D3","400 IU","2026-05-20T13:34:37.393Z"
"Nutrition","2026-05-20","Snack","Snack","","","","","","","140","2","13","9","10","","1serving Mini Magnum","","2026-05-20T13:15:30.918Z"
"Nutrition","2026-05-20","Dinner","Dinner","","","","","","","345","16","34","15","4","","150g Beef Dumplings (Steamed); 25g Sour Cream","","2026-05-20T13:00:33.329Z"
"Nutrition","2026-05-20","Dinner","Dinner","","","","","","","278","19","31","9","8","","50g Steak (Sirloin); 50g Focaccia; 20g Barbecue Sauce","","2026-05-20T11:30:05.669Z"
"Nutrition","2026-05-20","Lunch","Lunch","","","","","","","90","1","23","","12","","1serving Banana","","2026-05-20T10:02:38.290Z"
"Nutrition","2026-05-20","Lunch","Lunch","","","","","","","60","1","15","","13","","100g Mango","","2026-05-20T08:27:54.526Z"
"Nutrition","2026-05-20","Lunch","Lunch","","","","","","","715","78","48","22","16","","150g Chicken Breast; 100g White Rice (Cooked); 50g Green Beans; 50g Kimchi; 100g Mango; 100g Beef Patty","","2026-05-20T08:27:26.624Z"
"Nutrition","2026-05-20","Protein","Protein","","","","","","","222","21","28","2","3","","20g Whey Protein Powder; 31g Mass Gainer Protein; 5g Creatine (5g); 5g Chia Seeds","","2026-05-20T07:46:30.591Z"
"Nutrition","2026-05-20","Breakfast","Breakfast","","","","","","","90","1","23","","12","","1serving Banana","","2026-05-20T04:36:31.736Z"
"Nutrition","2026-05-20","Breakfast","Breakfast","","","","","","","80","4","8","3","7","","1serving Cappuccino","","2026-05-20T04:17:21.488Z"
"Nutrition","2026-05-20","Breakfast","Breakfast","","","","","","","362","36","24","14","8","","50g Greek Yogurt (Plain); 2oz Milk (2%); 31g Whey Protein Powder; 5g Chia Seeds; 10g Coconut Flakes (Unsweetened); 5g Spirulina Powder; 15g Granola","","2026-05-20T01:54:58.999Z"
"Nutrition","2026-05-20","Supplements","Supplements","","","","","","","3","","","","","","3g Creatine","","2026-05-20T01:54:52.609Z"
"Workout","2026-05-20","Sauna","recovery","1","","","","11","11","61","","","","","92","","","2026-05-20T07:59:13.117Z"
"Workout","2026-05-20","Shoulders","shoulders","1","1","","1","18","78","522","","","","","107","","","2026-05-20T06:54:00.023Z"
"Workout","2026-05-20","Chest Press Decline Machine","chest","3","8","80","","","","","","","","","","","",""
"Workout","2026-05-20","Chest Press Decline Machine","chest","2","8","80","","","","","","","","","","","",""
"Workout","2026-05-20","Chest Press Decline Machine","chest","1","15","40","","","","","","","","","","","","2026-05-20T06:35:34.244Z"
"Workout","2026-05-20","Face Pull","shoulders","4","10","65","","","","","","","","","","","",""
"Workout","2026-05-20","Face Pull","shoulders","3","13","57.5","","","","","","","","","","","",""
"Workout","2026-05-20","Face Pull","shoulders","2","12","57.5","","","","","","","","","","","",""
"Workout","2026-05-20","Face Pull","shoulders","1","15","50","","","","","","","","","","","","2026-05-20T06:23:44.234Z"
"Workout","2026-05-20","Hammer Curls","biceps","1","8","18","","","","","","","","","","","","2026-05-20T06:14:34.001Z"
"Workout","2026-05-20","Hammer Curls","biceps","4","7","18","","","","","","","","","","","",""
"Workout","2026-05-20","Hammer Curls","biceps","3","6","20","","","","","","","","","","","",""
"Workout","2026-05-20","Hammer Curls","biceps","2","8","18","","","","","","","","","","","",""
"Workout","2026-05-20","Hammer Curls","biceps","1","8","16","","","","","","","","","","","","2026-05-20T06:11:02.721Z"
"Workout","2026-05-20","Preacher Curls","biceps","4","10","30","","","","","","","","","","","",""
"Workout","2026-05-20","Preacher Curls","biceps","3","12","30","","","","","","","","","","","",""
"Workout","2026-05-20","Preacher Curls","biceps","2","8","30","","","","","","","","","","","",""
"Workout","2026-05-20","Preacher Curls","biceps","1","10","25","","","","","","","","","","","","2026-05-20T06:02:31.781Z"
"Workout","2026-05-20","Lat Row Machine","back","3","10","45","","","","","","","","","","","",""
"Workout","2026-05-20","Lat Row Machine","back","2","10","45","","","","","","","","","","","",""
"Workout","2026-05-20","Lat Row Machine","back","1","8","50","","","","","","","","","","","","2026-05-20T05:46:57.685Z"
"Workout","2026-05-20","Rear Delt Fly Machine","shoulders","4","8","57.5","","","","","","","","","","","",""
"Workout","2026-05-20","Rear Delt Fly Machine","shoulders","3","8","57.5","","","","","","","","","","","",""
"Workout","2026-05-20","Rear Delt Fly Machine","shoulders","2","9","57.5","","","","","","","","","","","",""
"Workout","2026-05-20","Rear Delt Fly Machine","shoulders","1","10","65","","","","","","","","","","","","2026-05-20T05:41:58.974Z"
"Workout","2026-05-20","Lat Pulldown","back","4","10","67.5","","","","","","","","","","","",""
"Workout","2026-05-20","Lat Pulldown","back","3","10","67.5","","","","","","","","","","","",""
"Workout","2026-05-20","Lat Pulldown","back","2","10","67.5","","","","","","","","","","","",""
"Workout","2026-05-20","Lat Pulldown","back","1","8","75","","","","","","","","","","","","2026-05-20T05:29:53.510Z"
"Workout","2026-05-20","Abs","core","3","1","","","","","","","","","","","","",""
"Workout","2026-05-20","Abs","core","2","1","","","","","","","","","","","","",""
"Workout","2026-05-20","Abs","core","1","1","","","10","10","69","","","","","117","","Planns","2026-05-20T05:16:41.283Z"
"Workout","2026-05-20","Abs","core","9","15","10","","","","","","","","","","","",""
"Workout","2026-05-20","Abs","core","8","15","10","","","","","","","","","","","",""
"Workout","2026-05-20","Abs","core","7","15","10","","","","","","","","","","","",""
"Workout","2026-05-20","Abs","core","6","30","10","","","","","","","","","","","",""
"Workout","2026-05-20","Abs","core","5","30","10","","","","","","","","","","","",""
"Workout","2026-05-20","Abs","core","4","30","10","","","","","","","","","","","",""
"Workout","2026-05-20","Abs","core","3","20","10","","","","","","","","","","","",""
"Workout","2026-05-20","Abs","core","2","20","10","","","","","","","","","","","",""
"Workout","2026-05-20","Abs","core","1","20","10","","","","","","","","","","","","2026-05-20T05:16:17.885Z"
"Nutrition","2026-05-19","Supplements","Supplements","","","","","","","3","","","","","",".35g Magnesium","","2026-05-19T14:07:34.092Z"
"Nutrition","2026-05-19","Supplements","Supplements","","","","","","","5","","","","","","5g Creatine","","2026-05-19T14:07:28.758Z"
"Nutrition","2026-05-19","Supplements","Supplements","","","","","","","","","","","","","Vitamin D3","400 IU","2026-05-19T14:07:18.899Z"
"Nutrition","2026-05-19","Snack","Snack","","","","","","","266","9","29","15","15","","30g Peanut Butter; 1serving Banana","","2026-05-19T14:06:46.677Z"
"Nutrition","2026-05-19","Snack","Snack","","","","","","","250","","62","","55","","1000ml Pocari Sweat","","2026-05-19T11:53:26.946Z"
"Nutrition","2026-05-19","Dinner","Dinner","","","","","","","491","21","68","17","10","","1serving Boiled Egg; 200g Nasi Goreng; 50g Carrot; 50g Pineapple","","2026-05-19T11:47:18.043Z"
"Nutrition","2026-05-19","Dinner","Dinner","","","","","","","414","58","","18","","","200g Steak (Sirloin)","","2026-05-19T11:45:04.137Z"
"Nutrition","2026-05-19","Lunch","Lunch","","","","","","","115","4","16","4","12","","1serving Matcha Latte","","2026-05-19T08:26:01.572Z"
"Nutrition","2026-05-19","Lunch","Lunch","","","","","","","299","24","33","9","1","","100g White Rice (Cooked); 100g Tuna (Fresh); 50g Avocado","","2026-05-19T07:23:06.318Z"
"Nutrition","2026-05-19","Lunch","Lunch","","","","","","","610","36","70","10","","","1serving Salmon Poke Bowl","","2026-05-19T07:21:14.382Z"
"Nutrition","2026-05-19","Breakfast","Breakfast","","","","","","","720","33","57","40","18","","1serving Croissant; 1serving Scrambled Eggs (2); 50g Ham; 1serving Cappuccino","","2026-05-19T04:51:16.093Z"
"Nutrition","2026-05-19","Snack","Snack","","","","","","","90","1","23","","12","","1serving Banana","","2026-05-19T04:50:39.505Z"
"Nutrition","2026-05-19","Breakfast","Breakfast","","","","","","","362","36","24","14","8","","50g Greek Yogurt (Plain); 2oz Milk (2%); 31g Whey Protein Powder; 5g Chia Seeds; 10g Coconut Flakes (Unsweetened); 5g Spirulina Powder; 15g Granola","","2026-05-19T04:50:33.654Z"
"Workout","2026-05-19","Pickleball","pickleball","1","","","2","10","130","1193","","","","","117","","","2026-05-19T11:45:35.176Z"
"Nutrition","2026-05-18","Dinner","Dinner","","","","","","","906","35","84","33","21","","200g Pasta (Cooked); 50g Bacon; 150g Tomato Paste; 10g Olive Oil; 1.3serving Red Wine (150ml)","","2026-05-18T14:22:47.981Z"
"Nutrition","2026-05-18","Protein","Protein","","","","","","","241","29","27","1","4","","31g Whey Protein Powder; 31g Mass Gainer Protein; 5g Creatine (5g)","","2026-05-18T09:21:01.554Z"
"Nutrition","2026-05-18","Breakfast","Breakfast","","","","","","","957","100","68","32","25","","200g Chicken Breast; 150g Beef Patty; 150g Sweet Potato; 100g Broccoli; 1serving Coconut Water (250ml); 1serving Banana","","2026-05-18T08:57:44.545Z"
"Nutrition","2026-05-18","Supplements","Supplements","","","","","","","","","","","","","Vitamin D3","400 IU","2026-05-18T04:05:20.625Z"
"Nutrition","2026-05-18","Breakfast","Breakfast","","","","","","","734","30","61","41","3","","1serving Scrambled Eggs (2); 25g Bacon; 50g Potato Wedges; 40g Avocado; .75serving Tortilla (Flour)","","2026-05-18T02:31:00.369Z"
"Nutrition","2026-05-18","Supplements","Supplements","","","","","","","3","","","","","","3g Creatine","","2026-05-18T02:29:27.231Z"
"Nutrition","2026-05-18","Breakfast","Breakfast","","","","","","","362","36","24","14","8","","50g Greek Yogurt (Plain); 2oz Milk (2%); 31g Whey Protein Powder; 5g Chia Seeds; 10g Coconut Flakes (Unsweetened); 5g Spirulina Powder; 15g Granola","","2026-05-18T02:29:23.585Z"
"Workout","2026-05-18","Tricep Dip Machine","triceps","3","10","45","","","","","","","","","","","",""
"Workout","2026-05-18","Tricep Dip Machine","triceps","2","10","40","","","","","","","","","","","",""
"Workout","2026-05-18","Tricep Dip Machine","triceps","1","12","35","","","","","","","","","","","","2026-05-18T08:56:24.782Z"
"Workout","2026-05-18","Tricep Cable Pulls","chest","2","10","20","","","","","","","","","","","",""
"Workout","2026-05-18","Tricep Cable Pulls","chest","1","10","20","","","","","","","","","","","","2026-05-18T06:36:07.401Z"
"Workout","2026-05-18","Tricep Pushdowns","triceps","3","10","50","","","","","","","","","","","",""
"Workout","2026-05-18","Tricep Pushdowns","triceps","2","12","50","","","","","","","","","","","",""
"Workout","2026-05-18","Tricep Pushdowns","triceps","1","12","50","","","","","","","","","","","","2026-05-18T06:35:48.741Z"
"Workout","2026-05-18","Shoulder Flies","chest","3","10","8","","","","","","","","","","","",""
"Workout","2026-05-18","Shoulder Flies","chest","2","10","8","","","","","","","","","","","",""
"Workout","2026-05-18","Shoulder Flies","chest","1","10","8","","","","","","","","","","","","2026-05-18T06:29:14.396Z"
"Workout","2026-05-18","Shoulder Press Machine","shoulders","3","9","35","","","","","","","","","","","",""
"Workout","2026-05-18","Shoulder Press Machine","shoulders","2","10","35","","","","","","","","","","","",""
"Workout","2026-05-18","Shoulder Press Machine","shoulders","1","8","40","","","","","","","","","","","","2026-05-18T06:22:54.529Z"
"Workout","2026-05-18","Fly Decline Machine","chest","2","6","80","","","","","","","","","","","",""
"Workout","2026-05-18","Fly Decline Machine","chest","1","9","80","","","","","","","","","","","","2026-05-18T06:10:15.730Z"
"Workout","2026-05-18","Standing Chest Flies","chest","3","10","125","","","","","","","","","","","",""
"Workout","2026-05-18","Standing Chest Flies","chest","2","12","125","","","","","","","","","","","",""
"Workout","2026-05-18","Standing Chest Flies","chest","1","15","117.5","","","","","","","","","","","","2026-05-18T05:49:40.083Z"
"Workout","2026-05-18","Bench Press","chest","4","7","80","","","","","","","","","","","",""
"Workout","2026-05-18","Bench Press","chest","3","8","80","","","","","","","","","","","",""
"Workout","2026-05-18","Bench Press","chest","2","7","80","","","","","","","","","","","",""
"Workout","2026-05-18","Bench Press","chest","1","10","60","","","","","","","","","","","","2026-05-18T05:36:37.868Z"
"Workout","2026-05-18","Abs","core","4","15","6","","","","","","","","","","","",""
"Workout","2026-05-18","Abs","core","3","15","6","","","","","","","","","","","",""
"Workout","2026-05-18","Abs","core","2","15","6","","","","","","","","","","","",""
"Workout","2026-05-18","Abs","core","1","15","","","","","","","","","","","","Leg lifts","2026-05-18T05:18:12.562Z"
"Workout","2026-05-18","Tricep Dips","chest","3","15","","","","","","","","","","","","",""
"Workout","2026-05-18","Tricep Dips","chest","2","15","","","","","","","","","","","","",""
"Workout","2026-05-18","Tricep Dips","chest","1","15","","","","","","","","","","","","","2026-05-18T05:17:47.696Z"
"Nutrition","2026-05-17","Dinner","Dinner","","","","","","","512","6","44","2","5","","3serving Beer (355ml can); 100ml Milk (2%)","","2026-05-17T14:26:03.612Z"
"Nutrition","2026-05-17","Supplements","Supplements","","","","","","","","","","","","","Vitamin D3","400 IU","2026-05-17T13:47:49.260Z"
"Nutrition","2026-05-17","Supplements","Supplements","","","","","","","","","","","","",".3g Zinc Supplement","","2026-05-17T13:47:34.046Z"
"Nutrition","2026-05-17","Supplements","Supplements","","","","","","","3","","","","","",".35g Magnesium","","2026-05-17T13:47:15.165Z"
"Nutrition","2026-05-17","Dinner","Dinner","","","","","","","1355","97","94","63","13","","100g Pulled Beef; 100g Pulled Pork; 100g Brisket (Smoked); 50g Corn; 10g Parmesan Cheese; 50g Mac and Cheese (Baked); 100g Sourdough Bread","","2026-05-17T13:46:27.387Z"
"Nutrition","2026-05-17","Supplements","Supplements","","","","","","","5","","","","","","5g Creatine (5g)","","2026-05-17T13:45:08.937Z"
"Nutrition","2026-05-17","Lunch","Lunch","","","","","","","60","1","15","","13","","1serving Fresh Mango Juice","","2026-05-17T06:28:15.994Z"
"Nutrition","2026-05-17","Lunch","Lunch","","","","","","","548","55","21","28","5","","150g Chicken Thigh; 100g Stir Fry Vegetables; 100g Tempeh","","2026-05-17T06:27:37.647Z"
"Nutrition","2026-05-17","Lunch","Lunch","","","","","","","190","15","8","10","","","75g Fried Chicken","","2026-05-17T06:27:04.507Z"
"Nutrition","2026-05-17","Lunch","Lunch","","","","","","","125","3","30","1","","","100g Yellow Rice","","2026-05-17T06:26:51.424Z"
"Nutrition","2026-05-17","Snack","Snack","","","","","","","90","1","23","","12","","1serving Banana","","2026-05-17T05:57:42.079Z"
"Nutrition","2026-05-17","Supplements","Supplements","","","","","","","3","","","","","","3g Creatine","","2026-05-17T01:44:46.647Z"
"Nutrition","2026-05-17","Breakfast","Breakfast","","","","","","","575","31","56","25","3","","1serving Scrambled Eggs (2); 1serving Tortilla (Flour); 50g Mushrooms; 50g Ham; 20g Caesar Salad","","2026-05-17T01:44:21.721Z"
"Nutrition","2026-05-17","Breakfast","Breakfast","","","","","","","362","36","24","14","8","","50g Greek Yogurt (Plain); 2oz Milk (2%); 31g Whey Protein Powder; 5g Chia Seeds; 10g Coconut Flakes (Unsweetened); 5g Spirulina Powder; 15g Granola","","2026-05-17T01:43:21.097Z"
"Nutrition","2026-05-16","Supplements","Supplements","","","","","","","3","","","","","",".35g Magnesium","","2026-05-17T01:43:08.999Z"
"Nutrition","2026-05-16","Dinner","Dinner","","","","","","","50","3","5","2","5","","100ml Milk (2%)","","2026-05-16T16:34:58.005Z"
"Nutrition","2026-05-16","Snack","Snack","","","","","","","300","12","30","16","3","","46g Whole Wheat Bread; 30g Peanut Butter; 25g Jelly","","2026-05-16T16:34:05.739Z"
"Nutrition","2026-05-16","Snack","Snack","","","","","","","90","1","23","","12","","1serving Banana","","2026-05-16T13:06:55.306Z"
"Nutrition","2026-05-16","Snack","Snack","","","","","","","90","1","23","","12","","1serving Banana","","2026-05-16T12:56:20.129Z"
"Nutrition","2026-05-16","Dinner","Dinner","","","","","","","650","50","55","15","","","1serving Salmon Poke Bowl","","2026-05-16T10:50:45.526Z"
"Nutrition","2026-05-16","Snack","Snack","","","","","","","95","1","23","","12","","1serving Banana; 5g Creatine","","2026-05-16T10:45:00.297Z"
"Nutrition","2026-05-16","Lunch","Lunch","","","","","","","47","3","11","","5","","150g Green Beans","","2026-05-16T08:11:01.298Z"
"Nutrition","2026-05-16","Breakfast","Breakfast","","","","","","","244","24","11","14","","","125g Tempeh","","2026-05-16T08:10:41.827Z"
"Nutrition","2026-05-16","Lunch","Lunch","","","","","","","276","52","","6","","","200g Chicken Breast","","2026-05-16T08:10:22.249Z"
"Nutrition","2026-05-16","Lunch","Lunch","","","","","","","156","4","34","","","","120g White Rice (Cooked)","","2026-05-16T08:10:06.569Z"
"Nutrition","2026-05-16","Breakfast","Breakfast","","","","","","","458","29","34","21","8","","1.5serving Scrambled Eggs (2); 45g Sourdough Bread; 1serving Cappuccino","","2026-05-16T06:00:43.869Z"
"Nutrition","2026-05-16","Breakfast","Breakfast","","","","","","","362","36","24","14","8","","50g Greek Yogurt (Plain); 2oz Milk (2%); 31g Whey Protein Powder; 5g Chia Seeds; 10g Coconut Flakes (Unsweetened); 5g Spirulina Powder; 15g Granola","","2026-05-16T06:00:15.581Z"
"Nutrition","2026-05-16","Supplements","Supplements","","","","","","","3","","","","","","3g Creatine","","2026-05-16T06:00:00.952Z"
"Workout","2026-05-16","Arms","biceps","1","1","","","54","54","377","","","","","105","","","2026-05-16T09:47:11.693Z"
"Workout","2026-05-16","Bicep Curl Machine","biceps","3","8","35","","","","","","","","","","","",""
"Workout","2026-05-16","Bicep Curl Machine","biceps","2","8","35","","","","","","","","","","","",""
"Workout","2026-05-16","Bicep Curl Machine","biceps","1","8","35","","","","","","","","","","","","2026-05-16T09:46:21.669Z"
"Workout","2026-05-16","Rear Delt Fly Machine","shoulders","3","8","65","","","","","","","","","","","",""
"Workout","2026-05-16","Rear Delt Fly Machine","shoulders","2","10","65","","","","","","","","","","","",""
"Workout","2026-05-16","Rear Delt Fly Machine","shoulders","1","10","65","","","","","","","","","","","","2026-05-16T09:34:25.796Z"
"Workout","2026-05-16","Preacher Curls","chest","4","6","30","","","","","","","","","","","",""
"Workout","2026-05-16","Preacher Curls","chest","3","7","30","","","","","","","","","","","",""
"Workout","2026-05-16","Preacher Curls","chest","2","9","30","","","","","","","","","","","",""
"Workout","2026-05-16","Preacher Curls","chest","1","9","30","","","","","","","","","","","","2026-05-16T09:24:59.840Z"
"Workout","2026-05-16","Incline Dumbbell Curl","biceps","4","6","16","","","","","","","","","","","",""
"Workout","2026-05-16","Incline Dumbbell Curl","biceps","3","6","16","","","","","","","","","","","",""
"Workout","2026-05-16","Incline Dumbbell Curl","biceps","2","6","16","","","","","","","","","","","",""
"Workout","2026-05-16","Incline Dumbbell Curl","biceps","1","7","16","","","","","","","","","","","","2026-05-16T09:13:12.528Z"
"Workout","2026-05-16","Pull-ups","back","3","10","","","","","","","","","","","","",""
"Workout","2026-05-16","Pull-ups","back","2","10","","","","","","","","","","","","",""
"Workout","2026-05-16","Pull-ups","back","1","10","","","","","","","","","","","","","2026-05-16T09:00:39.465Z"
"Workout","2026-05-16","Face Pull","shoulders","3","12","50","","","","","","","","","","","",""
"Workout","2026-05-16","Face Pull","shoulders","2","12","50","","","","","","","","","","","",""
"Workout","2026-05-16","Face Pull","shoulders","1","12","50","","","","","","","","","","","","2026-05-16T09:00:22.805Z"
"Nutrition","2026-05-15","Supplements","Supplements","","","","","","","3","","","","","",".35g Magnesium","","2026-05-15T16:26:56.660Z"
"Nutrition","2026-05-15","Supplements","Supplements","","","","","","","","","","","","",".3g Zinc Supplement","","2026-05-15T13:01:09.225Z"
"Nutrition","2026-05-15","Dinner","Dinner","","","","","","","920","78","74","32","9","","200g Steak (Sirloin); 150g Burger Bun; 25g Cheddar Cheese","","2026-05-15T12:59:09.661Z"
"Nutrition","2026-05-15","Snack","Snack","","","","","","","336","44","23","8","6","","45g Whey Protein Powder; 40g Greek Yogurt (Plain); 20g Granola; 4g Spirulina Powder; 5g Chia Seeds","","2026-05-15T08:18:30.393Z"
"Nutrition","2026-05-15","Lunch","Lunch","","","","","","","90","1","23","","12","","1serving Banana","","2026-05-15T08:01:31.797Z"
"Nutrition","2026-05-15","Lunch","Lunch","","","","","","","60","1","15","","13","","100g Mango","","2026-05-15T05:56:32.040Z"
"Nutrition","2026-05-15","Lunch","Lunch","","","","","","","514","71","37","8","4","","250g Chicken Breast; 100g White Rice (Cooked); 25g Kimchi; 25g Green Beans; 50g Bean Sprouts; 50g Cucumber","","2026-05-15T05:56:05.980Z"
"Nutrition","2026-05-15","Lunch","Lunch","","","","","","","96","4","20","","5","","1serving Watermelon Flow","","2026-05-15T05:55:09.305Z"
"Nutrition","2026-05-15","Supplements","Supplements","","","","","","","5","","","","","","5g Creatine (5g)","","2026-05-15T02:19:53.179Z"
"Nutrition","2026-05-15","Breakfast","Breakfast","","","","","","","702","31","81","27","13","","100g Burger Bun; 1serving Scrambled Eggs (2); 25g French Fries; 20g Sourdough Bread; .5serving Boiled Egg; 1serving Cappuccino","","2026-05-15T02:19:39.889Z"
"Workout","2026-05-15","Legs","legs","1","1","","","52","52","346","","","","","107","","","2026-05-15T03:21:37.204Z"
"Workout","2026-05-15","Leg Curl","legs","3","8","65","","","","","","","","","","","",""
"Workout","2026-05-15","Leg Curl","legs","2","8","65","","","","","","","","","","","",""
"Workout","2026-05-15","Leg Curl","legs","1","10","57.5","","","","","","","","","","","","2026-05-15T03:21:18.212Z"
"Workout","2026-05-15","Calf Raises","legs","4","12","80","","","","","","","","","","","",""
"Workout","2026-05-15","Calf Raises","legs","3","12","80","","","","","","","","","","","",""
"Workout","2026-05-15","Calf Raises","legs","2","12","80","","","","","","","","","","","",""
"Workout","2026-05-15","Calf Raises","legs","1","15","60","","","","","","","","","","","","2026-05-15T03:16:00.487Z"
"Workout","2026-05-15","Leg Extension","legs","4","10","72.5","","","","","","","","","","","",""
"Workout","2026-05-15","Leg Extension","legs","3","10","72.5","","","","","","","","","","","",""
"Workout","2026-05-15","Leg Extension","legs","2","12","65","","","","","","","","","","","",""
"Workout","2026-05-15","Leg Extension","legs","1","10","57.5","","","","","","","","","","","","2026-05-15T03:06:49.735Z"
"Workout","2026-05-15","Hip Abductor Machine","legs","4","8","87.5","","","","","","","","","","","",""
"Workout","2026-05-15","Hip Abductor Machine","legs","3","8","87.5","","","","","","","","","","","",""
"Workout","2026-05-15","Hip Abductor Machine","legs","2","10","80","","","","","","","","","","","",""
"Workout","2026-05-15","Hip Abductor Machine","legs","1","10","72.5","","","","","","","","","","","","2026-05-15T02:57:56.294Z"
"Workout","2026-05-15","Hip Adductors","legs","4","8","50","","","","","","","","","","","",""
"Workout","2026-05-15","Hip Adductors","legs","3","10","50","","","","","","","","","","","",""
"Workout","2026-05-15","Hip Adductors","legs","2","10","50","","","","","","","","","","","",""
"Workout","2026-05-15","Hip Adductors","legs","1","10","45","","","","","","","","","","","","2026-05-15T02:51:53.292Z"
"Workout","2026-05-15","Leg Press","legs","4","8","80","","","","","","","","","","","",""
"Workout","2026-05-15","Leg Press","legs","3","8","80","","","","","","","","","","","",""
"Workout","2026-05-15","Leg Press","legs","2","8","80","","","","","","","","","","","",""
"Workout","2026-05-15","Leg Press","legs","1","9","80","","","","","","","","","","","","2026-05-15T02:42:50.826Z"
"Nutrition","2026-05-14","Snack","Snack","","","","","","","140","3","13","11","","","1serving Mini Magnum","","2026-05-14T15:21:31.215Z"
"Nutrition","2026-05-14","Supplements","Supplements","","","","","","","","","","","","",".3g Zinc Supplement","","2026-05-14T12:13:13.369Z"
"Nutrition","2026-05-14","Dinner","Dinner","","","","","","","650","50","55","15","","","1serving Salmon Poke Bowl","","2026-05-14T12:12:50.353Z"
"Nutrition","2026-05-14","Snack","Snack","","","","","","","90","1","23","","12","","1serving Banana","","2026-05-14T10:02:56.617Z"
"Nutrition","2026-05-14","Snack","Snack","","","","","","","167","17","","12","","","100g Grass-fed Sirloin","","2026-05-14T09:34:04.893Z"
"Nutrition","2026-05-14","Lunch","Lunch","","","","","","","570","72","80","8","13","","150g Cod; 150g Chicken Breast; 150g Red Rice (Cooked); 100g Mango","","2026-05-14T07:50:00.476Z"
"Nutrition","2026-05-14","Breakfast","Breakfast","","","","","","","170","5","31","3","19","","1serving Cappuccino; 1serving Banana","","2026-05-14T07:48:22.128Z"
"Nutrition","2026-05-14","Breakfast","Breakfast","","","","","","","432","20","25","29","1","","1.5serving Scrambled Eggs (2); 50g French Fries; 10g Onion (Raw); 10g Cherry Tomato","","2026-05-14T07:48:04.362Z"
"Nutrition","2026-05-14","Supplements","Supplements","","","","","","","3","","","","","","3g Creatine","","2026-05-14T01:19:55.951Z"
"Nutrition","2026-05-14","Breakfast","Breakfast","","","","","","","362","36","24","14","8","","50g Greek Yogurt (Plain); 2oz Milk (2%); 31g Whey Protein Powder; 5g Chia Seeds; 10g Coconut Flakes (Unsweetened); 5g Spirulina Powder; 15g Granola","","2026-05-14T01:19:41.662Z"
"Workout","2026-05-14","Sauna","recovery","1","","","","11","11","89","","","","","115","","","2026-05-14T08:50:15.068Z"
"Workout","2026-05-14","Plate Side Bends","core","4","8","30","","","","","","","","","","","",""
"Workout","2026-05-14","Plate Side Bends","core","3","10","30","","","","","","","","","","","",""
"Workout","2026-05-14","Plate Side Bends","core","2","12","30","","","","","","","","","","","",""
"Workout","2026-05-14","Plate Side Bends","core","1","12","30","","8","8","74","","","","","127","","","2026-05-14T06:48:24.255Z"
"Workout","2026-05-14","Back","back","1","1","","1","5","65","552","","","","","120","","","2026-05-14T06:39:29.019Z"
"Workout","2026-05-14","Torture Row Low Machine","back","3","7","40","","","","","","","","","","","",""
"Workout","2026-05-14","Torture Row Low Machine","back","2","7","40","","","","","","","","","","","",""
"Workout","2026-05-14","Torture Row Low Machine","back","1","6","40","","","","","","","","","","","","2026-05-14T06:37:41.668Z"
"Workout","2026-05-14","Incline Dumbbell Curl","biceps","4","7","16","","","","","","","","","","","",""
"Workout","2026-05-14","Incline Dumbbell Curl","biceps","3","7","16","","","","","","","","","","","",""
"Workout","2026-05-14","Incline Dumbbell Curl","biceps","2","7","16","","","","","","","","","","","",""
"Workout","2026-05-14","Incline Dumbbell Curl","biceps","1","7","16","","","","","","","","","","","","2026-05-14T06:29:16.592Z"
"Workout","2026-05-14","Lat Pulldown","back","4","6","82.5","","","","","","","","","","","",""
"Workout","2026-05-14","Lat Pulldown","back","3","8","75","","","","","","","","","","","",""
"Workout","2026-05-14","Lat Pulldown","back","2","8","67.5","","","","","","","","","","","",""
"Workout","2026-05-14","Lat Pulldown","back","1","9","60","","","","","","","","","","","","2026-05-14T06:17:53.994Z"
"Workout","2026-05-14","Rows Machine","back","4","7","75","","","","","","","","","","","",""
"Workout","2026-05-14","Rows Machine","back","3","7","75","","","","","","","","","","","",""
"Workout","2026-05-14","Rows Machine","back","2","8","67.5","","","","","","","","","","","",""
"Workout","2026-05-14","Rows Machine","back","1","8","67.5","","","","","","","","","","","","2026-05-14T06:06:15.556Z"
"Workout","2026-05-14","Face Pull","shoulders","3","10","57.5","","","","","","","","","","","",""
"Workout","2026-05-14","Face Pull","shoulders","2","10","57.5","","","","","","","","","","","",""
"Workout","2026-05-14","Face Pull","shoulders","1","12","50","","","","","","","","","","","","2026-05-14T05:54:26.204Z"
"Workout","2026-05-14","Pull-ups","back","4","6","15","","","","","","","","","","","",""
"Workout","2026-05-14","Pull-ups","back","3","6","15","","","","","","","","","","","",""
"Workout","2026-05-14","Pull-ups","back","2","8","10","","","","","","","","","","","",""
"Workout","2026-05-14","Pull-ups","back","1","12","","","","","","","","","","","","","2026-05-14T05:47:28.259Z"
"Nutrition","2026-05-13","Supplements","Supplements","","","","","","","","","","","","",".3g Zinc Supplement","","2026-05-13T14:44:25.037Z"
"Nutrition","2026-05-13","Snack","Snack","","","","","","","178","5","26","8","13","","1serving Banana; 15g Peanut Butter","","2026-05-13T14:24:37.021Z"
"Nutrition","2026-05-13","Dinner","Dinner","","","","","","","170","11","15","7","2","",".5serving Beef Tacos (2)","","2026-05-13T14:22:02.711Z"
"Nutrition","2026-05-13","Dinner","Dinner","","","","","","","130","3","28","","","","100g White Rice (Cooked)","","2026-05-13T14:21:43.087Z"
"Nutrition","2026-05-13","Dinner","Dinner","","","","","","","450","30","40","16","","","200g Butter Chicken Meal","","2026-05-13T14:21:33.087Z"
"Nutrition","2026-05-13","Lunch","Lunch","","","","","","","60","1","15","","13","","100g Mango","","2026-05-13T09:06:35.144Z"
"Nutrition","2026-05-13","Lunch","Lunch","","","","","","","180","5","65","2","","","150g Red Rice (Cooked)","","2026-05-13T09:06:18.599Z"
"Nutrition","2026-05-13","Lunch","Lunch","","","","","","","461","65","","22","","","150g Chicken Breast; 100g Beef Patty","","2026-05-13T09:05:39.295Z"
"Nutrition","2026-05-13","Snack","Snack","","","","","","","90","1","23","","12","","1serving Banana","","2026-05-13T09:04:59.388Z"
"Nutrition","2026-05-13","Supplements","Supplements","","","","","","","","","","","","","Vitamin D3","400 IU","2026-05-13T08:47:24.283Z"
"Nutrition","2026-05-13","Lunch","Lunch","","","","","","","265","29","29","3","4","","31g Whey Protein Powder; 31g Mass Gainer Protein; 5g Creatine (5g); 5g Chia Seeds","","2026-05-13T06:34:01.074Z"
"Nutrition","2026-05-13","Breakfast","Breakfast","","","","","","","220","10","28","7","2","","1serving Boiled Egg + Toast","","2026-05-13T04:45:55.983Z"
"Nutrition","2026-05-13","Breakfast","Breakfast","","","","","","","110","1","9","5","","","25g Miso Dressing","","2026-05-13T03:36:25.559Z"
"Nutrition","2026-05-13","Breakfast","Breakfast","","","","","","","329","15","43","11","7","","100g Fried Rice; 100g Tofu (Firm); 100g Stir Fry Vegetables","","2026-05-13T03:36:09.143Z"
"Nutrition","2026-05-13","Supplements","Supplements","","","","","","","3","","","","","","3g Creatine","","2026-05-13T01:09:16.745Z"
"Nutrition","2026-05-13","Breakfast","Breakfast","","","","","","","587","34","50","28","2","","90g Whole Wheat Bread; 2serving Whole Egg; 5g Butter","","2026-05-13T01:09:04.915Z"
"Workout","2026-05-13","Massage","recovery","1","","","1","","60","","","","","","","","","2026-05-13T15:44:15.902Z"
"Workout","2026-05-13","Sauna","recovery","1","","","","11","11","68","","","","","106","","","2026-05-13T07:31:55.150Z"
"Workout","2026-05-13","Chest","chest","1","1","","","54","54","345","","","","","104","","","2026-05-13T06:19:40.437Z"
"Workout","2026-05-13","Standing Chest Flies","chest","4","8","125","","","","","","","","","","","",""
"Workout","2026-05-13","Standing Chest Flies","chest","3","10","125","","","","","","","","","","","",""
"Workout","2026-05-13","Standing Chest Flies","chest","2","10","125","","","","","","","","","","","",""
"Workout","2026-05-13","Standing Chest Flies","chest","1","12","125","","","","","","","","","","","","2026-05-13T06:19:11.817Z"
"Workout","2026-05-13","Tricep Pushdowns","triceps","4","12","57.5","","","","","","","","","","","",""
"Workout","2026-05-13","Tricep Pushdowns","triceps","3","12","57.5","","","","","","","","","","","",""
"Workout","2026-05-13","Tricep Pushdowns","triceps","2","12","57.5","","","","","","","","","","","",""
"Workout","2026-05-13","Tricep Pushdowns","triceps","1","12","57.5","","","","","","","","","","","","2026-05-13T06:10:51.407Z"
"Workout","2026-05-13","Bench Press Machine","chest","4","6","120","","","","","","","","","","","",""
"Workout","2026-05-13","Bench Press Machine","chest","3","7","120","","","","","","","","","","","",""
"Workout","2026-05-13","Bench Press Machine","chest","2","7","120","","","","","","","","","","","",""
"Workout","2026-05-13","Bench Press Machine","chest","1","6","120","","","","","","","","","","","","2026-05-13T05:50:58.599Z"
"Workout","2026-05-13","Fly Decline Machine","chest","4","7","85","","","","","","","","","","","",""
"Workout","2026-05-13","Fly Decline Machine","chest","3","8","85","","","","","","","","","","","",""
"Workout","2026-05-13","Fly Decline Machine","chest","2","10","80","","","","","","","","","","","",""
"Workout","2026-05-13","Fly Decline Machine","chest","1","12","60","","","","","","","","","","","","2026-05-13T05:33:00.235Z"
"Workout","2026-05-13","Abs","core","4","12","6","","","","","","","","","","","",""
"Workout","2026-05-13","Abs","core","3","12","6","","","","","","","","","","","",""
"Workout","2026-05-13","Abs","core","2","12","6","","","","","","","","","","","",""
"Workout","2026-05-13","Abs","core","1","20","","","6","6","42","","","","","113","","Leg Raises","2026-05-13T05:22:36.353Z"
"Nutrition","2026-05-12","Protein","Protein","","","","","","","206","29","13","4","9","","31g Whey Protein Powder; 6oz Milk (2%)","","2026-05-12T12:15:19.253Z"
"Nutrition","2026-05-12","Snack","Snack","","","","","","","89","1","23","","12","","1serving Banana","","2026-05-12T12:00:22.059Z"
"Nutrition","2026-05-12","Supplements","Supplements","","","","","","","","","","","","",".3g Zinc Supplement","","2026-05-12T10:20:42.446Z"
"Nutrition","2026-05-12","Supplements","Supplements","","","","","","","","","","","","","Vitamin D3","400 IU","2026-05-12T10:20:00.139Z"
"Nutrition","2026-05-12","Supplements","Supplements","","","","","","","5","","","","","","5g Creatine (5g)","","2026-05-12T10:19:40.292Z"
"Nutrition","2026-05-12","Dinner","Dinner","","","","","","","842","92","51","27","15","","300g Steak (Sirloin); 100g White Rice (Cooked); 100g Carrot; 100g Pineapple","","2026-05-12T09:38:31.831Z"
"Nutrition","2026-05-12","Lunch","Lunch","","","","","","","583","36","74","14","5","","220g Jasmine Rice (Cooked); 100g Chicken Thigh; 100g Stir Fry Vegetables","","2026-05-12T09:16:17.135Z"
"Nutrition","2026-05-12","Breakfast","Breakfast","","","","","","","595","32","56","27","19","","1.5serving Scrambled Eggs (2); 1serving Pancakes (2); 1serving Cappuccino","","2026-05-12T02:42:40.393Z"
"Nutrition","2026-05-11","Snack","Snack","","","","","","","207","4","24","11","21","","100g Ice Cream (Vanilla)","","2026-05-12T00:40:51.151Z"
"Nutrition","2026-05-11","Supplements","Supplements","","","","","","","","","","","","",".3g Zinc Supplement","","2026-05-11T16:08:44.361Z"
"Nutrition","2026-05-11","Dinner","Dinner","","","","","","","278","6","56","6","30","","2serving Banana; 100g Watermelon; 20g Cheese Platter","","2026-05-11T16:07:52.415Z"
"Nutrition","2026-05-11","Dinner","Dinner","","","","","","","522","63","26","18","12","","200g Steak (Sirloin); 150g Carrot; 150g Green Beans; 1serving Coconut","","2026-05-11T11:00:10.217Z"
"Nutrition","2026-05-11","Lunch","Lunch","","","","","","","150","6","24","4","12","","2serving Borscht","","2026-05-11T10:59:23.521Z"
"Nutrition","2026-05-11","Lunch","Lunch","","","","","","","715","31","95","21","10","","250g Beef Dumplings (Steamed); 100g White Rice (Cooked); 100g Stir Fry Vegetables","","2026-05-11T10:59:03.891Z"
"Nutrition","2026-05-11","Snack","Snack","","","","","","","89","1","23","","12","","1serving Banana","","2026-05-11T04:04:24.531Z"
"Nutrition","2026-05-11","Protein","Protein","","","","","","","283","32","31","3","4","","34g Mass Gainer Protein; 34g Whey Protein Powder; 5g Creatine; 4g Chia Seeds","","2026-05-11T03:57:04.865Z"
"Nutrition","2026-05-11","Breakfast","Breakfast","","","","","","","89","1","23","","12","","1serving Banana","","2026-05-11T01:34:24.824Z"
"Nutrition","2026-05-11","Supplements","Supplements","","","","","","","3","","","","","","3g Creatine","","2026-05-11T00:29:01.239Z"
"Nutrition","2026-05-11","Breakfast","Breakfast","","","","","","","188","14","19","7","8","","100g Greek Yogurt (Plain); 20g Milk (2%); 10g Chia Seeds; 15g Granola","","2026-05-11T00:28:53.172Z"
"Nutrition","2026-05-11","Breakfast","Breakfast","","","","","","","126","5","25","0.5","3","","34g Mass Gainer Protein","","2026-05-11T00:28:42.930Z"
"Workout","2026-05-11","Arms","biceps","1","1","","","59","59","422","","","","","107","","","2026-05-11T03:11:02.579Z"
"Workout","2026-05-11","Bicep Curl Cables","biceps","3","10","20","","","","","","","","","","","",""
"Workout","2026-05-11","Bicep Curl Cables","biceps","2","10","20","","","","","","","","","","","",""
"Workout","2026-05-11","Bicep Curl Cables","biceps","1","10","20","","","","","","","","","","","","2026-05-11T03:10:44.229Z"
"Workout","2026-05-11","Face Pull","shoulders","3","10","57.5","","","","","","","","","","","",""
"Workout","2026-05-11","Face Pull","shoulders","2","10","50","","","","","","","","","","","",""
"Workout","2026-05-11","Face Pull","shoulders","1","12","40","","","","","","","","","","","","2026-05-11T03:02:48.185Z"
"Workout","2026-05-11","Hammer Curls","biceps","4","6","20","","","","","","","","","","","",""
"Workout","2026-05-11","Hammer Curls","biceps","3","6","20","","","","","","","","","","","",""
"Workout","2026-05-11","Hammer Curls","biceps","2","7","20","","","","","","","","","","","",""
"Workout","2026-05-11","Hammer Curls","biceps","1","9","18","","","","","","","","","","","","2026-05-11T02:56:27.006Z"
"Workout","2026-05-11","Rear Delt Fly Machine","shoulders","4","8","70","","","","","","","","","","","",""
"Workout","2026-05-11","Rear Delt Fly Machine","shoulders","3","10","65","","","","","","","","","","","",""
"Workout","2026-05-11","Rear Delt Fly Machine","shoulders","2","10","57.5","","","","","","","","","","","",""
"Workout","2026-05-11","Rear Delt Fly Machine","shoulders","1","10","50","","","","","","","","","","","","2026-05-11T02:44:20.784Z"
"Workout","2026-05-11","Barbell Curls","biceps","4","10","30","","","","","","","","","","","",""
"Workout","2026-05-11","Barbell Curls","biceps","3","10","30","","","","","","","","","","","",""
"Workout","2026-05-11","Barbell Curls","biceps","2","10","30","","","","","","","","","","","",""
"Workout","2026-05-11","Barbell Curls","biceps","1","12","30","","","","","","","","","","","","2026-05-11T02:33:54.782Z"
"Workout","2026-05-11","Incline Dumbbell Curl","biceps","4","6","16","","","","","","","","","","","",""
"Workout","2026-05-11","Incline Dumbbell Curl","biceps","3","6","16","","","","","","","","","","","",""
"Workout","2026-05-11","Incline Dumbbell Curl","biceps","2","6","16","","","","","","","","","","","",""
"Workout","2026-05-11","Incline Dumbbell Curl","biceps","1","7","16","","","","","","","","","","","","2026-05-11T02:20:48.230Z"
"Workout","2026-05-11","Abs","core","10","15","10","","","","","","","","","","","",""
"Workout","2026-05-11","Abs","core","9","15","10","","","","","","","","","","","",""
"Workout","2026-05-11","Abs","core","8","15","10","","","","","","","","","","","",""
"Workout","2026-05-11","Abs","core","7","20","10","","","","","","","","","","","",""
"Workout","2026-05-11","Abs","core","6","20","10","","","","","","","","","","","",""
"Workout","2026-05-11","Abs","core","5","20","10","","","","","","","","","","","",""
"Workout","2026-05-11","Abs","core","4","15","","","","","","","","","","","","",""
"Workout","2026-05-11","Abs","core","3","15","","","","","","","","","","","","",""
"Workout","2026-05-11","Abs","core","2","20","","","","","","","","","","","","",""
"Workout","2026-05-11","Abs","core","1","20","","","10","10","58","","","","","107","","","2026-05-11T02:04:53.416Z"
"Nutrition","2026-05-10","Supplements","Supplements","","","","","","","","","","","","","Vitamin D3","400 IU","2026-05-10T13:36:01.523Z"
"Nutrition","2026-05-10","Snack","Snack","","","","","","","89","1","23","","12","","1serving Banana","","2026-05-10T12:57:02.032Z"
"Nutrition","2026-05-10","Snack","Snack","","","","","","","89","1","23","","12","","1serving Banana","","2026-05-10T12:56:16.956Z"
"Nutrition","2026-05-10","Dinner","Dinner","","","","","","","285","23","21","14","5","","100g Tempeh; 100g Stir Fry Vegetables","","2026-05-10T12:38:29.306Z"
"Nutrition","2026-05-10","Dinner","Dinner","","","","","","","501","67","10","18","","","150g Chicken Breast; 100g Fried Chicken","","2026-05-10T12:38:04.005Z"
"Nutrition","2026-05-10","Dinner","Dinner","","","","","","","140","3","30","1","","","125g Red Rice","","2026-05-10T12:37:37.985Z"
"Nutrition","2026-05-10","Lunch","Lunch","","","","","","","234","2","31","11","","","75g French Fries","","2026-05-10T08:00:00.516Z"
"Nutrition","2026-05-10","Lunch","Lunch","","","","","","","150","3","8","13","","","25g Parmesan","","2026-05-10T07:59:37.280Z"
"Nutrition","2026-05-10","Breakfast","Breakfast","","","","","","","40","1","8","","1","","50g Kimchi; 50g Sauce","","2026-05-10T07:59:07.426Z"
"Nutrition","2026-05-10","Lunch","Lunch","","","","","","","218","6","35","6","1","","70g Tortilla (Flour)","","2026-05-10T07:57:02.127Z"
"Nutrition","2026-05-10","Lunch","Lunch","","","","","","","380","30","15","20","","","150g Fried Chicken","","2026-05-10T07:56:17.163Z"
"Nutrition","2026-05-10","Breakfast","Breakfast","","","","","","","458","29","34","21","8","","1.5serving Scrambled Eggs (2); 45g Sourdough Bread; 1serving Cappuccino","","2026-05-10T04:52:00.661Z"
"Nutrition","2026-05-10","Breakfast","Breakfast","","","","","","","188","14","19","7","8","","100g Greek Yogurt (Plain); 20g Milk (2%); 10g Chia Seeds; 15g Granola; 25g Dragon Fruit","","2026-05-10T03:23:22.243Z"
"Nutrition","2026-05-10","Breakfast","Breakfast","","","","","","","126","5","25","0.5","3","","34g Mass Gainer Protein","","2026-05-10T03:23:07.561Z"
"Nutrition","2026-05-10","Supplements","Supplements","","","","","","","3","","","","","","3g Creatine","","2026-05-10T03:22:39.707Z"
"Nutrition","2026-05-09","Snack","Snack","","","","","","","104","5","9","5","9","","6oz Milk (Whole)","","2026-05-10T13:36:32.755Z"
"Nutrition","2026-05-09","Dinner","Dinner","","","","","","","214","8","28","8","1","","47g Whole Wheat Bread; 15g Peanut Butter","","2026-05-09T12:39:09.825Z"
"Nutrition","2026-05-09","Dinner","Dinner","","","","","","","815","61","68","34","9","","200g Nasi Goreng; 170g Chicken Thigh; 100g Stir Fry Vegetables","","2026-05-09T11:41:33.578Z"
"Nutrition","2026-05-09","Supplements","Supplements","","","","","","","","","","","","","Vitamin D3","400 IU","2026-05-09T09:01:05.520Z"
"Nutrition","2026-05-09","Snack","Snack","","","","","","","89","1","23","","12","","1serving Banana","","2026-05-09T09:00:47.244Z"
"Nutrition","2026-05-09","Lunch","Lunch","","","","","","","715","78","48","22","16","","150g Chicken Breast; 100g White Rice (Cooked); 50g Green Beans; 50g Kimchi; 100g Mango; 100g Beef Patty","","2026-05-09T08:19:10.027Z"
"Nutrition","2026-05-09","Protein","Protein","","","","","","","283","32","32","3","4","","34g Mass Gainer Protein; 34g Whey Protein Powder; 5g Chia Seeds; 5g Creatine (5g)","","2026-05-09T06:51:30.819Z"
"Nutrition","2026-05-09","Breakfast","Breakfast","","","","","","","80","4","8","3","7","","1serving Cappuccino","","2026-05-09T03:18:28.943Z"
"Nutrition","2026-05-09","Breakfast","Breakfast","","","","","","","255","21","2","18","","","1.5serving Scrambled Eggs (2)","","2026-05-09T03:18:19.467Z"
"Nutrition","2026-05-09","Breakfast","Breakfast","","","","","","","206","7","41","1","2","",".75serving Sourdough Bread","","2026-05-09T03:18:02.719Z"
"Nutrition","2026-05-09","Breakfast","Breakfast","","","","","","","6","1","1","","","","1serving Wheatgrass Shot","","2026-05-09T02:32:38.657Z"
"Nutrition","2026-05-09","Breakfast","Breakfast","","","","","","","188","14","19","7","8","","100g Greek Yogurt (Plain); 20g Milk (2%); 10g Chia Seeds; 15g Granola; 25g Dragon Fruit","","2026-05-09T02:05:27.055Z"
"Nutrition","2026-05-09","Breakfast","Breakfast","","","","","","","89","1","23","","12","","1serving Banana","","2026-05-09T02:04:14.323Z"
"Nutrition","2026-05-09","Breakfast","Breakfast","","","","","","","126","5","25","0.5","3","","34g Mass Gainer Protein","","2026-05-09T02:03:10.448Z"
"Nutrition","2026-05-09","Supplements","Supplements","","","","","","","3","","","","","","3g Creatine","","2026-05-09T01:34:02.474Z"
"Workout","2026-05-09","Legs","legs","1","1","","","52","52","334","","","","","104","","","2026-05-09T06:32:34.188Z"
"Workout","2026-05-09","Calf Raises","legs","4","10","80","","","","","","","","","","","",""
"Workout","2026-05-09","Calf Raises","legs","3","10","80","","","","","","","","","","","",""
"Workout","2026-05-09","Calf Raises","legs","2","15","60","","","","","","","","","","","",""
"Workout","2026-05-09","Calf Raises","legs","1","15","40","","","","","","","","","","","","2026-05-09T06:30:40.456Z"
"Workout","2026-05-09","Hip Abductor Machine","legs","4","10","72.5","","","","","","","","","","","",""
"Workout","2026-05-09","Hip Abductor Machine","legs","3","10","72.5","","","","","","","","","","","",""
"Workout","2026-05-09","Hip Abductor Machine","legs","2","10","72.5","","","","","","","","","","","",""
"Workout","2026-05-09","Hip Abductor Machine","legs","1","12","65","","","","","","","","","","","","2026-05-09T06:22:10.268Z"
"Workout","2026-05-09","Hip Adductors","legs","4","8","45","","","","","","","","","","","",""
"Workout","2026-05-09","Hip Adductors","legs","3","10","45","","","","","","","","","","","",""
"Workout","2026-05-09","Hip Adductors","legs","2","10","40","","","","","","","","","","","",""
"Workout","2026-05-09","Hip Adductors","legs","1","12","35","","","","","","","","","","","","2026-05-09T06:13:56.410Z"
"Workout","2026-05-09","Leg Curl","legs","4","7","65","","","","","","","","","","","",""
"Workout","2026-05-09","Leg Curl","legs","3","7","65","","","","","","","","","","","",""
"Workout","2026-05-09","Leg Curl","legs","2","8","65","","","","","","","","","","","",""
"Workout","2026-05-09","Leg Curl","legs","1","10","57.5","","","","","","","","","","","","2026-05-09T06:05:59.958Z"
"Workout","2026-05-09","Hack Squat Machine","legs","1","10","70","","","","","","","","","","","","2026-05-09T05:55:28.331Z"
"Workout","2026-05-09","Hack Squat Machine","legs","3","10","70","","","","","","","","","","","",""
"Workout","2026-05-09","Hack Squat Machine","legs","2","10","60","","","","","","","","","","","",""
"Workout","2026-05-09","Hack Squat Machine","legs","1","12","40","","","","","","","","","","","","2026-05-09T05:50:40.953Z"
"Workout","2026-05-09","Abs","core","9","10","10","","","","","","","","","","","",""
"Workout","2026-05-09","Abs","core","8","10","10","","","","","","","","","","","",""
"Workout","2026-05-09","Abs","core","7","20","10","","","","","","","","","","","",""
"Workout","2026-05-09","Abs","core","6","20","10","","","","","","","","","","","",""
"Workout","2026-05-09","Abs","core","5","20","10","","","","","","","","","","","",""
"Workout","2026-05-09","Abs","core","4","10","10","","","","","","","","","","","",""
"Workout","2026-05-09","Abs","core","3","20","","","","","","","","","","","","",""
"Workout","2026-05-09","Abs","core","2","20","","","","","","","","","","","","",""
"Workout","2026-05-09","Abs","core","1","20","","","12","12","91","","","","","122","","","2026-05-09T05:38:03.924Z"
"Nutrition","2026-05-08","Supplements","Supplements","","","","","","","3","","","","","",".35g Magnesium","","2026-05-08T16:47:46.648Z"
"Nutrition","2026-05-08","Dinner","Dinner","","","","","","","345","17","33","17","3","","1.5serving Pork Gyoza (Pan-fried)","","2026-05-08T12:08:55.474Z"
"Nutrition","2026-05-08","Dinner","Dinner","","","","","","","435","24","72","9","6","","3serving Salmon Sushi Roll","","2026-05-08T11:45:12.823Z"
"Nutrition","2026-05-08","Supplements","Supplements","","","","","","","","","","","","","Vitamin D3","400 IU","2026-05-08T09:23:23.833Z"
"Nutrition","2026-05-08","Snack","Snack","","","","","","","178","2","46","","24","","2serving Banana","","2026-05-08T09:22:40.404Z"
"Nutrition","2026-05-08","Lunch","Lunch","","","","","","","60","1","15","","14","","100g Mango","","2026-05-08T07:56:13.953Z"
"Nutrition","2026-05-08","Lunch","Lunch","","","","","","","604","84","41","9","3","","250g Chicken Breast; 125g Jasmine Rice (Cooked); 50g Green Beans; 50g Kimchi; 25g Bean Sprouts","","2026-05-08T07:55:52.345Z"
"Nutrition","2026-05-08","Supplements","Supplements","","","","","","","5","","","","","","Creatine (5g)","","2026-05-08T07:54:57.630Z"
"Nutrition","2026-05-08","Lunch","Lunch","","","","","","","290","53","11","4","2","","68g Whey Protein Powder; 5g Chia Seeds","","2026-05-08T07:54:45.021Z"
"Nutrition","2026-05-08","Breakfast","Breakfast","","","","","","","398","20","39","17","1","","1serving Scrambled Eggs (2); 70g Sourdough Bread; 5g Butter","","2026-05-08T02:18:09.194Z"
"Nutrition","2026-05-08","Breakfast","Breakfast","","","","","","","291","32","20","9","7","","31g Whey Protein Powder; 50g Greek Yogurt (Plain); 5g Chia Seeds; 5g Coconut Flakes (Unsweetened); 25g Milk (2%); 15g Granola","Yogurt Bowl","2026-05-08T02:16:55.499Z"
"Nutrition","2026-05-08","Supplements","Supplements","","","","","","","3","","","","","","3g Creatine","","2026-05-08T02:16:35.521Z"
"Workout","2026-05-08","Sauna","recovery","1","","","","12","12","67","","","","","98","","","2026-05-08T08:20:55.777Z"
"Workout","2026-05-08","Shoulders","shoulders","1","1","","","61","61","447","","","","","112","","","2026-05-08T06:05:34.583Z"
"Workout","2026-05-08","Rear Delt Fly Machine","shoulders","3","8","50","","","","","","","","","","","",""
"Workout","2026-05-08","Rear Delt Fly Machine","shoulders","2","8","50","","","","","","","","","","","",""
"Workout","2026-05-08","Rear Delt Fly Machine","shoulders","1","8","50","","","","","","","","","","","","2026-05-08T06:05:10.946Z"
"Workout","2026-05-08","Face Pull","shoulders","4","8","50","","","","","","","","","","","",""
"Workout","2026-05-08","Face Pull","shoulders","3","8","50","","","","","","","","","","","",""
"Workout","2026-05-08","Face Pull","shoulders","2","12","40","","","","","","","","","","","",""
"Workout","2026-05-08","Face Pull","shoulders","1","12","30","","","","","","","","","","","","2026-05-08T06:02:09.687Z"
"Workout","2026-05-08","Pull-ups","back","4","10","","","","","","","","","","","","",""
"Workout","2026-05-08","Pull-ups","back","3","12","","","","","","","","","","","","",""
"Workout","2026-05-08","Pull-ups","back","2","10","","","","","","","","","","","","",""
"Workout","2026-05-08","Pull-ups","back","1","15","","","","","","","","","","","","","2026-05-08T05:55:05.555Z"
"Workout","2026-05-08","Cable Lateral Raise","shoulders","4","8","10","","","","","","","","","","","",""
"Workout","2026-05-08","Cable Lateral Raise","shoulders","3","8","10","","","","","","","","","","","",""
"Workout","2026-05-08","Cable Lateral Raise","shoulders","2","8","10","","","","","","","","","","","",""
"Workout","2026-05-08","Cable Lateral Raise","shoulders","1","8","10","","","","","","","","","","","","2026-05-08T05:51:35.528Z"
"Workout","2026-05-08","Lat Raises Machine","shoulders","4","5","60","","","","","","","","","","","",""
"Workout","2026-05-08","Lat Raises Machine","shoulders","3","6","60","","","","","","","","","","","",""
"Workout","2026-05-08","Lat Raises Machine","shoulders","2","7","60","","","","","","","","","","","",""
"Workout","2026-05-08","Lat Raises Machine","shoulders","1","8","55","","","","","","","","","","","","2026-05-08T05:40:06.523Z"
"Workout","2026-05-08","Shoulder Press Machine","shoulders","4","8","80","","","","","","","","","","","",""
"Workout","2026-05-08","Shoulder Press Machine","shoulders","3","8","80","","","","","","","","","","","",""
"Workout","2026-05-08","Shoulder Press Machine","shoulders","2","7","80","","","","","","","","","","","",""
"Workout","2026-05-08","Shoulder Press Machine","shoulders","1","7","80","","","","","","","","","","","","2026-05-08T05:35:23.494Z"
"Workout","2026-05-08","Arnold Dumbbell Press","shoulders","4","8","18","","","","","","","","","","","",""
"Workout","2026-05-08","Arnold Dumbbell Press","shoulders","3","8","18","","","","","","","","","","","",""
"Workout","2026-05-08","Arnold Dumbbell Press","shoulders","2","9","18","","","","","","","","","","","",""
"Workout","2026-05-08","Arnold Dumbbell Press","shoulders","1","12","16","","","","","","","","","","","","2026-05-08T05:15:08.270Z"
"Workout","2026-05-08","Abs","core","12","1","","","","","","","","","","","","",""
"Workout","2026-05-08","Abs","core","11","1","","","","","","","","","","","","",""
"Workout","2026-05-08","Abs","core","10","15","10","","","","","","","","","","","",""
"Workout","2026-05-08","Abs","core","9","15","10","","","","","","","","","","","",""
"Workout","2026-05-08","Abs","core","8","15","10","","","","","","","","","","","",""
"Workout","2026-05-08","Abs","core","7","15","10","","","","","","","","","","","",""
"Workout","2026-05-08","Abs","core","6","15","10","","","","","","","","","","","",""
"Workout","2026-05-08","Abs","core","5","20","10","","","","","","","","","","","",""
"Workout","2026-05-08","Abs","core","4","1","","","","","","","","","","","","",""
"Workout","2026-05-08","Abs","core","3","20","","","","","","","","","","","","",""
"Workout","2026-05-08","Abs","core","2","20","","","","","","","","","","","","",""
"Workout","2026-05-08","Abs","core","1","20","","","10","10","60","","","","","107","","","2026-05-08T05:02:18.591Z"
"Nutrition","2026-05-07","Supplements","Supplements","","","","","","","3","","","","","","3g Creatine","","2026-05-07T14:50:42.861Z"
"Nutrition","2026-05-07","Dinner","Dinner","","","","","","","499","31","6","40","4","","2serving Whole Egg; 20g Peanut Butter; 10g Butter","",""
"Nutrition","2026-05-07","Dinner","Dinner","","","","","","","126","4","24","1","","","1serving Whole Wheat Bread","",""
"Nutrition","2026-05-07","Dinner","Dinner","","","","","","","126","4","25","1","","","47g Whole Wheat Bread","",""
"Nutrition","2026-05-07","Lunch","Lunch","","","","","","","715","78","48","22","16","","150g Chicken Breast; 100g White Rice (Cooked); 50g Green Beans; 50g Kimchi; 100g Mango; 100g Beef Patty","",""
"Nutrition","2026-05-07","Supplements","Supplements","","","","","","","15","3","1","","","","5g Spirulina Powder","",""
"Nutrition","2026-05-07","Lunch","Lunch","","","","","","","266","49","10","3","2","","62g Whey Protein Powder; 5g Chia Seeds","",""
"Nutrition","2026-05-07","Breakfast","Breakfast","","","","","","","949","62","62","49","21","","1serving Scrambled Eggs (2); 50g Bacon; 75g White Bread; 300g Mixed Salad (5 veg avg); 1serving Cappuccino; 1serving Whole Egg","",""
"Nutrition","2026-05-07","Breakfast","Breakfast","","","","","","","291","32","20","9","7","","31g Whey Protein Powder; 50g Greek Yogurt (Plain); 5g Chia Seeds; 5g Coconut Flakes (Unsweetened); 25g Milk (2%); 15g Granola","Yogurt Bowl",""
"Workout","2026-05-07","Massage","recovery","1","","","1","","60","","","","","","","","","2026-05-12T00:41:42.880Z"
"Workout","2026-05-07","Massage","recovery","1","","","1","","60","","","","","","","","","2026-05-12T00:41:32.618Z"
"Workout","2026-05-07","Sauna","recovery","1","","","","15","15","85","","","","","101","","",""
"Workout","2026-05-07","Arms","biceps","1","1","","","54","54","411","","","","","114","","",""
"Workout","2026-05-07","Seated Barbell Curls","biceps","4","5","30","","","","","","","","","","","",""
"Workout","2026-05-07","Seated Barbell Curls","biceps","3","6","30","","","","","","","","","","","",""
"Workout","2026-05-07","Seated Barbell Curls","biceps","2","7","30","","","","","","","","","","","",""
"Workout","2026-05-07","Seated Barbell Curls","biceps","1","8","30","","","","","","","","","","","",""
"Workout","2026-05-07","Tricep Overhead Dumbbell","triceps","4","15","22","","","","","","","","","","","",""
"Workout","2026-05-07","Tricep Overhead Dumbbell","triceps","3","15","22","","","","","","","","","","","",""
"Workout","2026-05-07","Tricep Overhead Dumbbell","triceps","2","15","22","","","","","","","","","","","",""
"Workout","2026-05-07","Tricep Overhead Dumbbell","triceps","1","20","18","","","","","","","","","","","",""
"Workout","2026-05-07","Hammer Curls","biceps","4","12","20","","","","","","","","","","","",""
"Workout","2026-05-07","Hammer Curls","biceps","3","14","20","","","","","","","","","","","",""
"Workout","2026-05-07","Hammer Curls","biceps","2","20","18","","","","","","","","","","","",""
"Workout","2026-05-07","Hammer Curls","biceps","1","20","16","","","","","","","","","","","",""
"Workout","2026-05-07","Tricep Pushdowns","triceps","4","10","57.5","","","","","","","","","","","",""
"Workout","2026-05-07","Tricep Pushdowns","triceps","3","10","57.5","","","","","","","","","","","",""
"Workout","2026-05-07","Tricep Pushdowns","triceps","2","10","57.5","","","","","","","","","","","",""
"Workout","2026-05-07","Tricep Pushdowns","triceps","1","15","57.5","","","","","","","","","","","",""
"Workout","2026-05-07","Barbell Curls","biceps","3","10","30","","","","","","","","","","","",""
"Workout","2026-05-07","Barbell Curls","biceps","2","10","30","","","","","","","","","","","",""
"Workout","2026-05-07","Barbell Curls","biceps","1","12","30","","","","","","","","","","","",""
"Workout","2026-05-07","Rows Machine","back","4","6","75","","","","","","","","","","","",""
"Workout","2026-05-07","Rows Machine","back","3","8","67.5","","","","","","","","","","","",""
"Workout","2026-05-07","Rows Machine","back","2","8","67.5","","","","","","","","","","","",""
"Workout","2026-05-07","Rows Machine","back","1","10","60","","","","","","","","","","","",""
"Workout","2026-05-07","Abs","core","1","1","","","12","12","87","","","","","111","","",""
"Workout","2026-05-07","Abs","core","4","20","10","","","","","","","","","","","",""
"Workout","2026-05-07","Abs","core","3","20","10","","","","","","","","","","","",""
"Workout","2026-05-07","Abs","core","2","15","10","","","","","","","","","","","",""
"Workout","2026-05-07","Abs","core","1","15","10","","","","","","","","","","","",""
"Workout","2026-05-07","Abs","core","4","20","10","","","","","","","","","","","",""
"Workout","2026-05-07","Abs","core","3","15","10","","","","","","","","","","","",""
"Workout","2026-05-07","Abs","core","2","20","5","","","","","","","","","","","",""
"Workout","2026-05-07","Abs","core","1","20","","","","","","","","","","","","",""
"Nutrition","2026-05-06","Supplements","Supplements","","","","","","","7","","","","","","7g Creatine","",""
"Nutrition","2026-05-06","Dinner","Dinner","","","","","","","1010","119","22","45","11","","400g Steak (Sirloin); 25g French Fries; 50g Ice Cream (Vanilla)","",""
"Nutrition","2026-05-06","Lunch","Lunch","","","","","","","200","7","6","16","1","","30g Peanuts","",""
"Nutrition","2026-05-06","Lunch","Lunch","","","","","","","692","77","43","22","14","","150g Chicken Breast; 100g Beef Patty; 100g White Rice (Cooked); 100g Mango","",""
"Nutrition","2026-05-06","Breakfast","Breakfast","","","","","","","80","4","8","3","7","","1serving Cappuccino","",""
"Nutrition","2026-05-06","Breakfast","Breakfast","","","","","","","365","34","10","23","","","1serving Scrambled Eggs (2); 100g Tempeh","",""
"Nutrition","2026-05-06","Supplements","Supplements","","","","","","","7","","","","","","7g Creatine","",""
"Nutrition","2026-05-06","Breakfast","Breakfast","","","","","","","121","24","4","1","1","","31g Whey Protein Powder","",""
"Nutrition","2026-05-06","Breakfast","Breakfast","","","","","","","188","14","19","7","8","","100g Greek Yogurt (Plain); 20g Milk (2%); 10g Chia Seeds; 15g Granola; 25g Dragon Fruit","",""
"Workout","2026-05-06","Sauna","recovery","1","","","","12","12","","","","","","","","",""
"Workout","2026-05-06","Indoor Walk","cardio","1","","","","11","11","110","","","","","124","","",""
"Workout","2026-05-06","Chest","chest","1","1","","","44","44","348","","","","","118","","",""
"Workout","2026-05-06","Tricep Dips","chest","3","12","","","","","","","","","","","","",""
"Workout","2026-05-06","Tricep Dips","chest","2","12","","","","","","","","","","","","",""
"Workout","2026-05-06","Tricep Dips","chest","1","12","","","","","","","","","","","","",""
"Workout","2026-05-06","Standing Chest Flies","chest","4","10","125","","","","","","","","","","","",""
"Workout","2026-05-06","Standing Chest Flies","chest","3","10","125","","","","","","","","","","","",""
"Workout","2026-05-06","Standing Chest Flies","chest","2","10","125","","","","","","","","","","","",""
"Workout","2026-05-06","Standing Chest Flies","chest","1","12","110","","","","","","","","","","","",""
"Workout","2026-05-06","Chest Press Decline Machine","chest","4","8","70","","","","","","","","","","","",""
"Workout","2026-05-06","Chest Press Decline Machine","chest","3","8","70","","","","","","","","","","","",""
"Workout","2026-05-06","Chest Press Decline Machine","chest","2","10","70","","","","","","","","","","","",""
"Workout","2026-05-06","Chest Press Decline Machine","chest","1","10","60","","","","","","","","","","","",""
"Workout","2026-05-06","Bench Press Machine","chest","4","5","120","","","","","","","","","","","",""
"Workout","2026-05-06","Bench Press Machine","chest","3","6","120","","","","","","","","","","","",""
"Workout","2026-05-06","Bench Press Machine","chest","2","6","120","","","","","","","","","","","",""
"Workout","2026-05-06","Bench Press Machine","chest","1","7","120","","","","","","","","","","","",""
"Workout","2026-05-06","Fly Decline Machine","chest","4","8","80","","","","","","","","","","","",""
"Workout","2026-05-06","Fly Decline Machine","chest","3","10","80","","","","","","","","","","","",""
"Workout","2026-05-06","Fly Decline Machine","chest","2","10","80","","","","","","","","","","","",""
"Workout","2026-05-06","Fly Decline Machine","chest","1","15","40","","","","","","","","","","","",""
"Workout","2026-05-06","Abs","core","5","20","","","","","","","","","","","","",""
"Workout","2026-05-06","Abs","core","4","20","","","","","","","","","","","","",""
"Workout","2026-05-06","Abs","core","3","20","","","","","","","","","","","","",""
"Workout","2026-05-06","Abs","core","2","20","","","","","","","","","","","","",""
"Workout","2026-05-06","Abs","core","1","20","","","9","9","60","","","","","116","","",""
"Nutrition","2026-05-05","Dinner","Dinner","","","","","","","50","3","5","2","5","","1serving Milk (2%)","",""
"Nutrition","2026-05-05","Supplements","Supplements","","","","","","","12","","","","","","7g Creatine; 5g Glutamine Powder","",""
"Nutrition","2026-05-05","Lunch","Lunch","","","","","","","80","4","8","3","7","","1serving Cappuccino","",""
"Nutrition","2026-05-05","Lunch","Lunch","","","","","","","344","11","69","1","1","","125g Pita Bread","",""
"Nutrition","2026-05-05","Lunch","Lunch","","","","","","","166","7","16","11","9","","175g Greek Salad","",""
"Nutrition","2026-05-05","Lunch","Lunch","","","","","","","275","25","2","18","","","100g Lamb","",""
"Nutrition","2026-05-05","Lunch","Lunch","","","","","","","275","25","2","18","","","100g Lamb","",""
"Nutrition","2026-05-05","Dinner","Dinner","","","","","","","346","35","24","12","5","","150g Chicken Caesar Salad; 15g Pita Bread; 100g Garden Salad","",""
"Nutrition","2026-05-05","Lunch","Lunch","","","","","","","251","30","22","4","3","","50g Chicken Breast; 50g Stir Fry Vegetables; 50g White Rice (Cooked); 15g Whey Protein Powder","",""
"Nutrition","2026-05-05","Supplements","Supplements","","","","","","","15","3","1","","","","5g Spirulina Powder","",""
"Nutrition","2026-05-05","Breakfast","Breakfast","","","","","","","318","16","30","16","9","","75g Greek Yogurt (Plain); 50g Milk (2%); 25g Chia Seeds; 20g Granola; 5g Coconut Flakes (Unsweetened)","",""
"Nutrition","2026-05-05","Breakfast","Breakfast","","","","","","","121","24","4","1","1","","31g Whey Protein Powder","",""
"Nutrition","2026-05-05","Supplements","Supplements","","","","","","","5","","","","","","5g Glutamine Powder","",""
"Nutrition","2026-05-05","Supplements","Supplements","","","","","","","7","","","","","","7g Creatine","",""
"Workout","2026-05-05","Pickleball","pickleball","1","","","1","43","103","642","","","","","91","","",""
"Nutrition","2026-05-04","Supplements","Supplements","","","","","","","5","","","","","","5g Glutamine Powder","",""
"Nutrition","2026-05-04","Supplements","Supplements","","","","","","","5","","","","","","5g Creatine (5g)","",""
"Nutrition","2026-05-04","Dinner","Dinner","","","","","","","761","95","56","14","11","","200g Chicken Breast; 200g Stir Fry Vegetables; 100g White Rice (Cooked); 31g Whey Protein Powder","",""
"Nutrition","2026-05-04","Lunch","Lunch","","","","","","","519","28","62","17","1","","75g Chicken Thigh; 75g Pita Bread; 50g French Fries","",""
"Nutrition","2026-05-04","Breakfast","Breakfast","","","","","","","80","4","8","3","7","","1serving Cappuccino","",""
"Nutrition","2026-05-04","Lunch","Lunch","","","","","","","678","48","55","29","4","","150g Chicken Thigh; 50g Pita Bread; 75g Greek Salad; 50g French Fries","",""
"Nutrition","2026-05-04","Breakfast","Breakfast","","","","","","","250","15","25","10","8","","100g Greek Yogurt (Plain); 20g Granola; 20g Chia Seeds","",""
"Nutrition","2026-05-04","Breakfast","Breakfast","","","","","","","121","24","4","1","1","","31g Whey Protein Powder","",""
"Nutrition","2026-05-04","Supplements","Supplements","","","","","","","7","","","","","","7g Creatine","",""
"Nutrition","2026-05-04","Supplements","Supplements","","","","","","","5","","","","","","5g Glutamine Powder","",""
"Workout","2026-05-04","Pickleball","pickleball","1","","","3","2","182","1982","","","","","130","","",""
"Nutrition","2026-05-03","Supplements","Supplements","","","","","","","","","","","","","10g Creatine; 10g Glutamine Powder","",""
"Nutrition","2026-05-02","Supplements","Supplements","","","","","","","","","","","","","7g Creatine; 7g Glutamine Powder","",""
"Nutrition","2026-04-28","Dinner","Dinner","","","","","","","750","70","20","45","","","300g Lobster","",""
"Nutrition","2026-04-28","Dinner","Dinner","","","","","","","85","20","","1","","","100g Shrimp","",""
"Nutrition","2026-04-28","Lunch","Lunch","","","","","","","458","43","44","11","","","120g Steak (Sirloin); 200g Udon Noodles","",""
"Nutrition","2026-04-28","Breakfast","Breakfast","","","","","","","1164","56","128","50","50","","3serving Whole Egg; 100g Waffles; 100g Mango Sticky Rice; 1serving Banana; 1serving Cappuccino","",""
"Workout","2026-04-28","Hiking","cardio","1","","","1","","60","250","","","","","","","Da Nang",""
"Workout","2026-04-28","Arms","biceps","1","1","","","58","58","417","","","","","113","","Da Nang",""
"Workout","2026-04-28","Plate Side Bends","core","4","12","","","","","","","","","","","","",""
"Workout","2026-04-28","Plate Side Bends","core","3","10","25","","","","","","","","","","","",""
"Workout","2026-04-28","Plate Side Bends","core","2","10","25","","","","","","","","","","","",""
"Workout","2026-04-28","Plate Side Bends","core","1","12","25","","","","","","","","","","","",""
"Workout","2026-04-28","Abs","core","3","15","","","","","","","","","","","","",""
"Workout","2026-04-28","Abs","core","2","15","","","","","","","","","","","","",""
"Workout","2026-04-28","Abs","core","1","15","","","","","","","","","","","","",""
"Workout","2026-04-28","Tricep Overhead Ropes","triceps","4","6","29","","","","","","","","","","","",""
"Workout","2026-04-28","Tricep Overhead Ropes","triceps","3","6","31","","","","","","","","","","","",""
"Workout","2026-04-28","Tricep Overhead Ropes","triceps","2","12","26","","","","","","","","","","","",""
"Workout","2026-04-28","Tricep Overhead Ropes","triceps","1","15","22","","","","","","","","","","","",""
"Workout","2026-04-28","Bicep Curl Cables","biceps","4","8","","","","","","","","","","","","",""
"Workout","2026-04-28","Bicep Curl Cables","biceps","3","8","16","","","","","","","","","","","",""
"Workout","2026-04-28","Bicep Curl Cables","biceps","2","8","16","","","","","","","","","","","",""
"Workout","2026-04-28","Bicep Curl Cables","biceps","1","8","16","","","","","","","","","","","",""
"Workout","2026-04-28","Tricep Pushdowns","triceps","4","10","36","","","","","","","","","","","",""
"Workout","2026-04-28","Tricep Pushdowns","triceps","3","12","34","","","","","","","","","","","",""
"Workout","2026-04-28","Tricep Pushdowns","triceps","2","15","32","","","","","","","","","","","",""
"Workout","2026-04-28","Tricep Pushdowns","triceps","1","15","26","","","","","","","","","","","",""
"Workout","2026-04-28","Barbell Curls","biceps","1","8","40","","","","","","","","","","","",""
"Workout","2026-04-28","Barbell Curls","biceps","4","8","40","","","","","","","","","","","",""
"Workout","2026-04-28","Barbell Curls","biceps","3","7","40","","","","","","","","","","","",""
"Workout","2026-04-28","Barbell Curls","biceps","2","8","40","","","","","","","","","","","",""
"Workout","2026-04-28","Barbell Curls","biceps","1","10","40","","","","","","","","","","","",""
"Workout","2026-04-28","Bicep Curl","biceps","1","18","18","","","","","","","","","","","",""
"Workout","2026-04-28","Bicep Curl","biceps","4","18","18","","","","","","","","","","","",""
"Workout","2026-04-28","Bicep Curl","biceps","3","16","18","","","","","","","","","","","",""
"Workout","2026-04-28","Bicep Curl","biceps","2","20","16","","","","","","","","","","","",""
"Workout","2026-04-28","Bicep Curl","biceps","1","12","16","","","","","","","","","","","",""
"Nutrition","2026-04-27","Dinner","Dinner","","","","","","","248","5","29","13","25","","120g Ice Cream (Vanilla)","",""
"Nutrition","2026-04-27","Dinner","Dinner","","","","","","","616","4","52","","","","4serving Beer (355ml can)","",""
"Nutrition","2026-04-27","Dinner","Dinner","","","","","","","354","40","19","13","2","","1serving Vietnamese Pho; 1serving Chicken Thigh","",""
"Nutrition","2026-04-27","Lunch","Lunch","","","","","","","392","48","14","14","7","","160g Steak (Sirloin); 100g Carrot; 100g Garden Salad","",""
"Nutrition","2026-04-27","Breakfast","Breakfast","","","","","","","917","49","63","54","23","","3serving Whole Egg; .75serving Croissant; 10g Peanut Butter; 1serving Banana","",""
"Workout","2026-04-27","Sauna","recovery","1","","","","12","12","67","","","","","92","","",""
"Workout","2026-04-27","Ice Bath","recovery","1","","","","2","2","","","","","","94","","",""
"Workout","2026-04-27","Legs","legs","1","1","","","28","28","158","","","","","107","","Da Nang",""
"Workout","2026-04-27","Seated Leg Curls","legs","4","8","55","","","","","","","","","","","",""
"Workout","2026-04-27","Seated Leg Curls","legs","3","8","55","","","","","","","","","","","",""
"Workout","2026-04-27","Seated Leg Curls","legs","2","8","55","","","","","","","","","","","",""
"Workout","2026-04-27","Seated Leg Curls","legs","1","10","55","","","","","","","","","","","",""
"Workout","2026-04-27","Leg Extension","legs","4","10","95","","","","","","","","","","","",""
"Workout","2026-04-27","Leg Extension","legs","3","12","85","","","","","","","","","","","",""
"Workout","2026-04-27","Leg Extension","legs","2","10","85","","","","","","","","","","","",""
"Workout","2026-04-27","Leg Extension","legs","1","12","75","","","","","","","","","","","",""
"Workout","2026-04-27","Calf Raises","legs","2","10","145","","","","","","","","","","","",""
"Workout","2026-04-27","Calf Raises","legs","1","10","145","","","","","","","","","","","",""
"Workout","2026-04-27","Leg Press","legs","4","8","145","","","","","","","","","","","",""
"Workout","2026-04-27","Leg Press","legs","3","12","135","","","","","","","","","","","",""
"Workout","2026-04-27","Leg Press","legs","2","15","105","","","","","","","","","","","",""
"Workout","2026-04-27","Leg Press","legs","1","10","75","","","","","","","","","","","",""
"Workout","2026-04-27","Stretching Routine","stretching","1","","","","6","6","35","","","","","90","","",""
"Workout","2026-04-27","Abs","core","12","15","","","","","","","","","","","","",""
"Workout","2026-04-27","Abs","core","11","15","","","","","","","","","","","","",""
"Workout","2026-04-27","Abs","core","10","15","","","","","","","","","","","","",""
"Workout","2026-04-27","Abs","core","9","15","","","","","","","","","","","","",""
"Workout","2026-04-27","Abs","core","8","15","","","","","","","","","","","","",""
"Workout","2026-04-27","Abs","core","7","15","","","","","","","","","","","","",""
"Workout","2026-04-27","Abs","core","6","15","","","","","","","","","","","","",""
"Workout","2026-04-27","Abs","core","5","15","","","","","","","","","","","","",""
"Workout","2026-04-27","Abs","core","4","15","","","","","","","","","","","","",""
"Workout","2026-04-27","Abs","core","3","15","","","","","","","","","","","","",""
"Workout","2026-04-27","Abs","core","2","15","","","","","","","","","","","","",""
"Workout","2026-04-27","Abs","core","1","15","","","11","11","66","","","","","113","","",""
"Nutrition","2026-04-26","Dinner","Dinner","","","","","","","2","","","","","","100ml Green Tea","",""
"Nutrition","2026-04-26","Dinner","Dinner","","","","","","","311","6","36","17","32","","150g Ice Cream (Vanilla)","",""
"Nutrition","2026-04-26","Dinner","Dinner","","","","","","","441","66","24","8","","","200g Chicken Breast; 50g Brown Rice (Cooked); 50g Soba Noodles (Cooked)","",""
"Nutrition","2026-04-26","Lunch","Lunch","","","","","","","53","4","10","","2","","50g Broccoli; 50g Mushrooms; 25g Soba Noodles (Cooked)","",""
"Nutrition","2026-04-26","Lunch","Lunch","","","","","","","448","30","31","22","3","","100g White Rice (Cooked); 50g Kimchi; 2serving Whole Egg","",""
"Nutrition","2026-04-26","Lunch","Lunch","","","","","","","518","73","","23","","","250g Steak (Sirloin)","",""
"Nutrition","2026-04-26","Breakfast","Breakfast","","","","","","","98","2","21","","","","75g White Rice (Cooked)","",""
"Nutrition","2026-04-26","Breakfast","Breakfast","","","","","","","89","1","23","","12","","1serving Banana","",""
"Nutrition","2026-04-26","Breakfast","Breakfast","","","","","","","465","39","3","33","3","","3serving Whole Egg","",""
"Workout","2026-04-26","Chest","chest","1","1","","","45","45","314","","","","","112","","",""
"Workout","2026-04-26","Standing Chest Flies","chest","4","10","120","","","","","","","","","","","",""
"Workout","2026-04-26","Standing Chest Flies","chest","3","8","120","","","","","","","","","","","",""
"Workout","2026-04-26","Standing Chest Flies","chest","2","6","120","","","","","","","","","","","",""
"Workout","2026-04-26","Standing Chest Flies","chest","1","10","110","","","","","","","","","","","",""
"Workout","2026-04-26","Fly Machine","chest","4","6","46","","","","","","","","","","","",""
"Workout","2026-04-26","Fly Machine","chest","3","8","40","","","","","","","","","","","",""
"Workout","2026-04-26","Fly Machine","chest","2","10","37","","","","","","","","","","","",""
"Workout","2026-04-26","Fly Machine","chest","1","10","32","","","","","","","","","","","Da Nang",""
"Workout","2026-04-26","Chest Press Wide Machine","chest","4","5","90","","","","","","","","","","","",""
"Workout","2026-04-26","Chest Press Wide Machine","chest","3","7","90","","","","","","","","","","","",""
"Workout","2026-04-26","Chest Press Wide Machine","chest","2","7","90","","","","","","","","","","","",""
"Workout","2026-04-26","Chest Press Wide Machine","chest","1","8","80","","","","","","","","","","","",""
"Workout","2026-04-26","Bench Press","chest","1","4","90","","","","","","","","","","","",""
"Workout","2026-04-26","Bench Press","chest","4","4","90","","","","","","","","","","","",""
"Workout","2026-04-26","Bench Press","chest","3","4","90","","","","","","","","","","","",""
"Workout","2026-04-26","Bench Press","chest","2","8","80","","","","","","","","","","","",""
"Workout","2026-04-26","Bench Press","chest","1","10","60","","","","","","","","","","","",""
"Workout","2026-04-26","Abs","core","4","15","","","","","","","","","","","","",""
"Workout","2026-04-26","Abs","core","3","15","","","","","","","","","","","","",""
"Workout","2026-04-26","Abs","core","2","15","","","","","","","","","","","","",""
"Workout","2026-04-26","Abs","core","1","15","","","6","6","45","","","","","105","","",""
"Workout","2026-04-26","Stretching Routine","stretching","1","","","","5","5","20","","","","","105","","",""
"Workout","2026-04-24","Arms","biceps","1","1","","","25","25","201","","","","","123","","Pinky",""
"Workout","2026-04-24","Pull-ups","back","2","7","","","","","","","","","","","","",""
"Workout","2026-04-24","Pull-ups","back","1","10","","","","","","","","","","","","",""
"Workout","2026-04-24","Tricep Pulldowns","triceps","1","12","30","","","","","","","","","","","",""
"Workout","2026-04-24","Tricep Pulldowns","triceps","3","12","30","","","","","","","","","","","",""
"Workout","2026-04-24","Tricep Pulldowns","triceps","2","12","30","","","","","","","","","","","",""
"Workout","2026-04-24","Tricep Pulldowns","triceps","1","12","30","","","","","","","","","","","",""
"Workout","2026-04-24","Bicep Curl Machine","biceps","4","7","30","","","","","","","","","","","",""
"Workout","2026-04-24","Bicep Curl Machine","biceps","3","7","30","","","","","","","","","","","",""
"Workout","2026-04-24","Bicep Curl Machine","biceps","2","8","30","","","","","","","","","","","",""
"Workout","2026-04-24","Bicep Curl Machine","biceps","1","8","30","","","","","","","","","","","",""
"Workout","2026-04-24","Overhead Tricep Extension","triceps","4","13","45","","","","","","","","","","","",""
"Workout","2026-04-24","Overhead Tricep Extension","triceps","3","15","45","","","","","","","","","","","",""
"Workout","2026-04-24","Overhead Tricep Extension","triceps","2","6","45","","","","","","","","","","","",""
"Workout","2026-04-24","Overhead Tricep Extension","triceps","1","20","40","","","","","","","","","","","",""
"Workout","2026-04-24","Bicep Curl","biceps","5","16","15","","","","","","","","","","","",""
"Workout","2026-04-24","Bicep Curl","biceps","4","15","15","","","","","","","","","","","",""
"Workout","2026-04-24","Bicep Curl","biceps","3","15","15","","","","","","","","","","","",""
"Workout","2026-04-24","Bicep Curl","biceps","2","15","15","","","","","","","","","","","",""
"Workout","2026-04-24","Bicep Curl","biceps","1","15","15","","","","","","","","","","","",""
"Nutrition","2026-04-23","Dinner","Dinner","","","","","","","218","21","29","3","3","","1.5serving Vietnamese Pho","",""
"Nutrition","2026-04-23","Lunch","Lunch","","","","","","","120","2","30","","28","","2serving Mango","",""
"Nutrition","2026-04-23","Lunch","Lunch","","","","","","","799","58","45","44","3","","200g Beef Patty; 50g Burger Bun; 50g French Fries","",""
"Nutrition","2026-04-23","Breakfast","Breakfast","","","","","","","399","14","47","17","25","","50g Dragon Fruit; .5serving Croissant; 2serving Tomato; 2serving Cappuccino","",""
"Nutrition","2026-04-23","Breakfast","Breakfast","","","","","","","388","33","3","28","3","","2.5serving Whole Egg","",""
"Workout","2026-04-23","Run","cardio","1","","","","23","23","351","","","","","169","","2.5 miles. Mile 1 - 8 min. Mile 2 - 8:23",""
"Nutrition","2026-04-22","Dinner","Dinner","","","","","","","159","5","29","2","3","",".6serving White Bread","",""
"Nutrition","2026-04-22","Dinner","Dinner","","","","","","","40","","7","","","","50g Dragon Fruit","",""
"Nutrition","2026-04-22","Dinner","Dinner","","","","","","","130","3","28","","","","100g White Rice (Cooked)","",""
"Nutrition","2026-04-22","Dinner","Dinner","","","","","","","209","26","","11","","","100g Chicken Thigh","",""
"Nutrition","2026-04-22","Lunch","Lunch","","","","","","","100","5","20","","10","","5serving Garden Salad","",""
"Nutrition","2026-04-22","Lunch","Lunch","","","","","","","248","47","","5","","","150g Chicken Breast","",""
"Nutrition","2026-04-22","Lunch","Lunch","","","","","","","203","4","23","11","5","",".5serving Croissant","",""
"Nutrition","2026-04-22","Lunch","Lunch","","","","","","","105","13","","6","","","50g Chicken Thigh","",""
"Nutrition","2026-04-22","Lunch","Lunch","","","","","","","65","2","14","","","","50g White Rice (Cooked)","",""
"Nutrition","2026-04-22","Breakfast","Breakfast","","","","","","","80","4","8","3","7","","1serving Cappuccino","",""
"Nutrition","2026-04-22","Breakfast","Breakfast","","","","","","","372","11","55","13","10","","1.2serving Waffles","",""
"Nutrition","2026-04-22","Breakfast","Breakfast","","","","","","","115","23","3","2","2","","31g Whey Protein Powder","",""
"Nutrition","2026-04-22","Breakfast","Breakfast","","","","","","","340","6","56","11","30","","1serving Acai Bowl","",""
"Nutrition","2026-04-21","Dinner","Dinner","","","","","","","25","","15","","15","","50ml Vitamin C Drink","",""
"Nutrition","2026-04-21","Supplements","Supplements","","","","","","","","","","","","","7g Creatine","",""
"Nutrition","2026-04-21","Dinner","Dinner","","","","","","","227","18","26","6","","","100g Brown Rice (Cooked); 50g Steak (Sirloin)","",""
"Nutrition","2026-04-21","Dinner","Dinner","","","","","","","218","21","29","3","3","","1.5serving Vietnamese Pho","",""
"Nutrition","2026-04-21","Dinner","Dinner","","","","","","","145","20","","6","","","70g Steak (Sirloin)","",""
"Nutrition","2026-04-21","Lunch","Lunch","","","","","","","488","8","58","24","46","","1serving Snickers Bar","",""
"Nutrition","2026-04-21","Breakfast","Breakfast","","","","","","","247","10","41","4","5","","100g Whole Wheat Bread","",""
"Nutrition","2026-04-21","Breakfast","Breakfast","","","","","","","234","18","3","15","","","3serving Boiled Egg","",""
"Nutrition","2026-04-21","Breakfast","Breakfast","","","","","","","","","","","","","7g Creatine","",""
"Nutrition","2026-04-21","Breakfast","Breakfast","","","","","","","","","","","","","5g Coconut","",""
"Nutrition","2026-04-21","Breakfast","Breakfast","","","","","","","39","1","3","2","","","8g Chia Seeds","",""
"Nutrition","2026-04-21","Breakfast","Breakfast","","","","","","","47","1","6","2","2","","10g Granola","",""
"Nutrition","2026-04-21","Breakfast","Breakfast","","","","","","","71","6","5","","5","","120g Greek Yogurt (Plain)","",""
"Nutrition","2026-04-21","Breakfast","Breakfast","","","","","","","115","23","3","2","2","","31g Whey Protein Powder","",""
"Nutrition","2026-04-20","Snack","Snack","","","","","","","80","","18","","16","","140ml Vitamin C Drink","",""
"Nutrition","2026-04-20","Supplements","Supplements","","","","","","","250","","60","","58","","1000ml Pocari Sweat","",""
"Nutrition","2026-04-20","Dinner","Dinner","","","","","","","130","3","28","","","","100g White Rice (Cooked)","",""
"Nutrition","2026-04-20","Dinner","Dinner","","","","","","","621","87","","27","","","300g Steak (Sirloin)","",""
"Nutrition","2026-04-20","Dinner","Dinner","","","","","","","","","","","","","7g Creatine; 5g Glutamine","",""
"Nutrition","2026-04-20","Lunch","Lunch","","","","","","","78","6","1","5","","","1serving Boiled Egg","",""
"Nutrition","2026-04-20","Lunch","Lunch","","","","","","","207","29","","9","","","100g Steak (Sirloin)","",""
"Nutrition","2026-04-20","Lunch","Lunch","","","","","","","123","3","26","1","","","100g Brown Rice (Cooked)","",""
"Nutrition","2026-04-20","Lunch","Lunch","","","","","","","218","21","29","3","3","","1.5serving Vietnamese Pho","",""
"Nutrition","2026-04-20","Breakfast","Breakfast","","","","","","","99","5","16","2","2","",".4serving Whole Wheat Bread","",""
"Nutrition","2026-04-20","Breakfast","Breakfast","","","","","","","340","28","2","24","","","2serving Scrambled Eggs (2)","",""
"Nutrition","2026-04-20","Breakfast","Breakfast","","","","","","","","","","","","","7g Creatine","",""
"Nutrition","2026-04-20","Breakfast","Breakfast","","","","","","","49","2","4","3","","","10g Chia Seeds","",""
"Nutrition","2026-04-20","Breakfast","Breakfast","","","","","","","71","2","10","3","3","","15g Granola","",""
"Nutrition","2026-04-20","Breakfast","Breakfast","","","","","","","89","6","6","","6","","1.5serving Greek Yogurt (Plain)","",""
"Nutrition","2026-04-20","Breakfast","Breakfast","","","","","","","115","23","3","2","2","","31g Whey Protein Powder","",""
"Workout","2026-04-20","Massage Gun","recovery","1","","","","10","10","","","","","","","","",""
"Workout","2026-04-20","Pickleball","pickleball","1","","","2","53","173","1420","","","","","115","","Sick",""
"Nutrition","2026-04-19","Dinner","Dinner","","","","","","","212","7","17","14","5","","20g Granola; 20g Peanut Butter","",""
"Nutrition","2026-04-19","Dinner","Dinner","","","","","","","89","1","23","","12","","1serving Banana","",""
"Nutrition","2026-04-19","Dinner","Dinner","","","","","","","146","5","13","9","","","30g Chia Seeds","",""
"Nutrition","2026-04-19","Lunch","Lunch","","","","","","","80","4","8","3","7","","1serving Cappuccino","",""
"Nutrition","2026-04-19","Dinner","Dinner","","","","","","","60","1","15","","14","","100g Mango","",""
"Nutrition","2026-04-19","Supplements","Supplements","","","","","","","","","","","","","7g Creatine","",""
"Nutrition","2026-04-19","Dinner","Dinner","","","","","","","115","23","3","2","2","","31g Whey Protein Powder","",""
"Nutrition","2026-04-19","Breakfast","Breakfast","","","","","","","400","20","52","12","8","","2serving Pad Thai","",""
"Nutrition","2026-04-19","Breakfast","Breakfast","","","","","","","80","4","8","3","7","","1serving Cappuccino","",""
"Nutrition","2026-04-19","Breakfast","Breakfast","","","","","","","230","8","32","8","14","","1serving French Toast","",""
"Nutrition","2026-04-19","Breakfast","Breakfast","","","","","","","255","21","2","18","","","1.5serving Scrambled Eggs (2)","",""
"Nutrition","2026-04-18","Dinner","Dinner","","","","","","","250","","8","","","","2serving Wine","",""
"Nutrition","2026-04-18","Dinner","Dinner","","","","","","","280","5","40","8","","","1serving Ice cream","",""
"Nutrition","2026-04-18","Breakfast","Breakfast","","","","","","","43","10","","1","","",".5serving Shrimp","",""
"Nutrition","2026-04-18","Dinner","Dinner","","","","","","","131","5","25","1","1","","1serving Pasta (Cooked)","",""
"Nutrition","2026-04-18","Breakfast","Breakfast","","","","","","","123","3","26","1","","","1serving Brown Rice (Cooked)","",""
"Nutrition","2026-04-18","Lunch","Lunch","","","","","","","85","20","","1","","","1serving Shrimp","",""
"Nutrition","2026-04-18","Lunch","Lunch","","","","","","","300","3","35","15","","","1serving Donut","",""
"Nutrition","2026-04-18","Lunch","Lunch","","","","","","","400","8","85","25","","","200g Popcorn","",""
"Nutrition","2026-04-18","Breakfast","Breakfast","","","","","","","80","4","8","3","7","","1serving Cappuccino","",""
"Nutrition","2026-04-18","Breakfast","Breakfast","","","","","","","94","2","13","4","4","","20g Granola","",""
"Nutrition","2026-04-18","Breakfast","Breakfast","","","","","","","74","13","5","","5","","125g Greek Yogurt (Plain)","",""
"Nutrition","2026-04-18","Breakfast","Breakfast","","","","","","","350","35","3","30","","","2.5serving Scrambled Eggs (2)","",""
"Nutrition","2026-04-17","Dinner","Dinner","","","","","","","250","5","35","7","","","1serving Ice cream","",""
"Nutrition","2026-04-17","Dinner","Dinner","","","","","","","210","8","41","2","5","","1.5serving Sushi Roll","",""
"Nutrition","2026-04-17","Lunch","Lunch","","","","","","","80","4","8","3","7","","1serving Cappuccino","",""
"Nutrition","2026-04-17","Lunch","Lunch","","","","","","","828","116","","36","","","400g Steak (Sirloin)","",""
"Nutrition","2026-04-17","Breakfast","Breakfast","","","","","","","60","1","5","4","2","","10g Dark Chocolate","",""
"Nutrition","2026-04-17","Breakfast","Breakfast","","","","","","","80","4","8","3","7","","1serving Cappuccino","",""
"Nutrition","2026-04-17","Breakfast","Breakfast","","","","","","","146","15","7","8","","","75g Tempeh","",""
"Nutrition","2026-04-17","Breakfast","Breakfast","","","","","","","340","28","2","24","","","2serving Scrambled Eggs (2)","",""
"Nutrition","2026-04-17","Breakfast","Breakfast","","","","","","","59","3","2","5","1","","10g Peanut Butter","",""
"Nutrition","2026-04-17","Breakfast","Breakfast","","","","","","","70","4","3","","3","","75g Greek Yogurt (Plain)","",""
"Nutrition","2026-04-17","Breakfast","Breakfast","","","","","","","118","24","3","2","2","","32g Whey Protein Powder","",""
"Nutrition","2026-04-17","Breakfast","Breakfast","","","","","","","","","","","","","7g Creatine; 5g Glutamine","",""
"Workout","2026-04-17","Chest","chest","1","1","","","41","41","378","","","","","124","","",""
"Workout","2026-04-17","Fly Machine","chest","4","6","105","","","","","","","","","","","",""
"Workout","2026-04-17","Fly Machine","chest","3","7","105","","","","","","","","","","","",""
"Workout","2026-04-17","Fly Machine","chest","2","8","105","","","","","","","","","","","",""
"Workout","2026-04-17","Fly Machine","chest","1","10","95","","","","","","","","","","","",""
"Workout","2026-04-17","Tricep Dips","chest","4","8","20","","","","","","","","","","","",""
"Workout","2026-04-17","Tricep Dips","chest","3","8","20","","","","","","","","","","","",""
"Workout","2026-04-17","Tricep Dips","chest","2","8","20","","","","","","","","","","","",""
"Workout","2026-04-17","Tricep Dips","chest","1","15","","","","","","","","","","","","",""
"Workout","2026-04-17","Bench Press Machine","chest","4","6","120","","","","","","","","","","","",""
"Workout","2026-04-17","Bench Press Machine","chest","3","6","120","","","","","","","","","","","",""
"Workout","2026-04-17","Bench Press Machine","chest","2","7","120","","","","","","","","","","","",""
"Workout","2026-04-17","Bench Press Machine","chest","1","8","110","","","","","","","","","","","",""
"Workout","2026-04-17","Bench Press Incline Machine","chest","4","4","100","","","","","","","","","","","",""
"Workout","2026-04-17","Bench Press Incline Machine","chest","3","4","100","","","","","","","","","","","",""
"Workout","2026-04-17","Bench Press Incline Machine","chest","2","8","80","","","","","","","","","","","",""
"Workout","2026-04-17","Bench Press Incline Machine","chest","1","10","60","","","","","","","","","","","",""
"Workout","2026-04-17","Stretching Routine","stretching","1","","","","5","5","20","","","","","103","","",""
"Workout","2026-04-17","Abs","core","4","15","","","","","","","","","","","","",""
"Workout","2026-04-17","Abs","core","3","15","","","","","","","","","","","","",""
"Workout","2026-04-17","Abs","core","2","15","","","","","","","","","","","","",""
"Workout","2026-04-17","Abs","core","1","15","","","8","8","61","","","","","103","","",""
"Nutrition","2026-04-16","Dinner","Dinner","","","","","","","89","1","23","","12","","1serving Banana","",""
"Nutrition","2026-04-16","Dinner","Dinner","","","","","","","11","2","2","","1","","50g Mushrooms","",""
"Nutrition","2026-04-16","Dinner","Dinner","","","","","","","146","15","7","8","","","75g Tempeh","",""
"Nutrition","2026-04-16","Dinner","Dinner","","","","","","","31","2","7","","3","","100g Green Beans","",""
"Nutrition","2026-04-16","Supplements","Supplements","","","","","","","","","","","","","8g Creatine","",""
"Nutrition","2026-04-16","Dinner","Dinner","","","","","","","209","26","","11","","","1serving Chicken Thigh","",""
"Nutrition","2026-04-16","Lunch","Lunch","","","","","","","250","4","32","12","25","","50g Snickers","",""
"Nutrition","2026-04-16","Lunch","Lunch","","","","","","","120","2","30","","28","","2serving Mango","",""
"Nutrition","2026-04-16","Lunch","Lunch","","","","","","","133","5","25","2","3","","50g Pita","",""
"Nutrition","2026-04-16","Lunch","Lunch","","","","","","","156","2","21","8","","","50g French Fries","",""
"Nutrition","2026-04-16","Lunch","Lunch","","","","","","","198","37","","4","","","120g Chicken Breast","",""
"Nutrition","2026-04-16","Breakfast","Breakfast","","","","","","","195","20","9","11","","","100g Tempeh","",""
"Nutrition","2026-04-16","Breakfast","Breakfast","","","","","","","310","26","2","22","2","","2serving Whole Egg","",""
"Nutrition","2026-04-16","Breakfast","Breakfast","","","","","","","","","","","","","6g Glutamine","",""
"Nutrition","2026-04-16","Breakfast","Breakfast","","","","","","","","","","","","","8g Creatine","",""
"Nutrition","2026-04-16","Breakfast","Breakfast","","","","","","","49","2","4","3","","","10g Chia Seeds","",""
"Nutrition","2026-04-16","Breakfast","Breakfast","","","","","","","44","8","3","","3","","75g Greek Yogurt (Plain)","",""
"Nutrition","2026-04-16","Breakfast","Breakfast","","","","","","","115","24","3","2","2","","31g Whey Protein Powder","",""
"Nutrition","2026-04-15","Supplements","Supplements","","","","","","","","","","","","","5g Glutamine","",""
"Nutrition","2026-04-15","Supplements","Supplements","","","","","","","","","","","","","7g Creatine","",""
"Nutrition","2026-04-15","Breakfast","Breakfast","","","","","","","147","6","5","13","2","","25g Peanut Butter","",""
"Nutrition","2026-04-15","Dinner","Dinner","","","","","","","44","8","3","","3","",".75serving Greek Yogurt (Plain)","",""
"Nutrition","2026-04-15","Supplements","Supplements","","","","","","","115","24","4","2","2","","31g Whey Protein Powder","",""
"Nutrition","2026-04-15","Breakfast","Breakfast","","","","","","","17","2","4","","1","","50g Broccoli","",""
"Nutrition","2026-04-15","Breakfast","Breakfast","","","","","","","312","3","41","15","","","100g French Fries","",""
"Nutrition","2026-04-15","Breakfast","Breakfast","","","","","","","314","39","","17","","","150g Chicken Thigh","",""
"Nutrition","2026-04-15","Breakfast","Breakfast","","","","","","","414","58","","18","","","200g Steak (Sirloin)","",""
"Nutrition","2026-04-15","Lunch","Lunch","","","","","","","300","15","33","9","","","1serving Dumplings","",""
"Nutrition","2026-04-15","Lunch","Lunch","","","","","","","4","1","1","","","","20g Mushrooms","",""
"Nutrition","2026-04-15","Breakfast","Breakfast","","","","","","","","","","","","","7g Creatine","",""
"Nutrition","2026-04-15","Breakfast","Breakfast","","","","","","","265","9","49","3","5","","1serving White Bread","",""
"Nutrition","2026-04-15","Breakfast","Breakfast","","","","","","","465","39","3","33","3","","3serving Whole Egg","",""
"Nutrition","2026-04-15","Breakfast","Breakfast","","","","","","","59","10","4","","4","","1serving Greek Yogurt (Plain)","",""
"Nutrition","2026-04-15","Breakfast","Breakfast","","","","","","","56","12","2","1","1","","15g Whey Protein Powder","",""
"Workout","2026-04-15","Massage Gun","recovery","1","","","","10","10","","","","","","","","",""
"Workout","2026-04-15","Pickleball","pickleball","1","","","2","50","170","1213","","","","","105","","",""
"Workout","2026-04-15","Shoulders","shoulders","1","1","","","21","21","150","","","","","109","","",""
"Workout","2026-04-15","Shoulder Press Assisted Machine","shoulders","4","6","57.5","","","","","","","","","","","",""
"Workout","2026-04-15","Shoulder Press Assisted Machine","shoulders","3","6","57.5","","","","","","","","","","","",""
"Workout","2026-04-15","Shoulder Press Assisted Machine","shoulders","2","6","57.5","","","","","","","","","","","",""
"Workout","2026-04-15","Shoulder Press Assisted Machine","shoulders","1","10","45","","","","","","","","","","","",""
"Workout","2026-04-15","Lat Raises Machine","shoulders","1","5","65","","","","","","","","","","","",""
"Workout","2026-04-15","Lat Raises Machine","shoulders","4","6","65","","","","","","","","","","","",""
"Workout","2026-04-15","Lat Raises Machine","shoulders","3","6","65","","","","","","","","","","","",""
"Workout","2026-04-15","Lat Raises Machine","shoulders","2","10","55","","","","","","","","","","","",""
"Workout","2026-04-15","Lat Raises Machine","shoulders","1","10","45","","","","","","","","","","","",""
"Workout","2026-04-15","Stretching Routine","stretching","1","","","","17","17","124","","","","","106","","",""
"Nutrition","2026-04-14","Breakfast","Breakfast","","","","","","","","","","","","","7g Creatine","",""
"Nutrition","2026-04-14","Breakfast","Breakfast","","","","","","","131","5","25","15","10","","100g Pasta (Cooked)","",""
"Nutrition","2026-04-14","Breakfast","Breakfast","","","","","","","155","13","1","11","1","","1serving Whole Egg","",""
"Nutrition","2026-04-14","Dinner","Dinner","","","","","","","414","58","","18","","","200g Steak (Sirloin)","",""
"Nutrition","2026-04-14","Lunch","Lunch","","","","","","","30","1","8","","7","","50g Mango","",""
"Nutrition","2026-04-14","Lunch","Lunch","","","","","","","130","3","28","","","","100g White Rice (Cooked)","",""
"Nutrition","2026-04-14","Lunch","Lunch","","","","","","","100","21","","2","","","100g Chicken Breast","",""
"Nutrition","2026-04-14","Lunch","Lunch","","","","","","","165","31","","3","","","150g Chicken Breast","",""
"Nutrition","2026-04-14","Breakfast","Breakfast","","","","","","","247","13","41","4","5","","1serving Whole Wheat Bread","",""
"Nutrition","2026-04-14","Breakfast","Breakfast","","","","","","","310","26","2","22","2","","2serving Whole Egg","",""
"Nutrition","2026-04-14","Breakfast","Breakfast","","","","","","","","","","","","","5g Creatine","",""
"Nutrition","2026-04-14","Breakfast","Breakfast","","","","","","","118","8","8","","8","","2serving Greek Yogurt (Plain)","",""
"Nutrition","2026-04-14","Breakfast","Breakfast","","","","","","","126","24","4","2","2","","31g Whey Protein Powder","",""
"Workout","2026-04-14","Ice Bath","recovery","1","","","","2","2","","","","","","","","",""
"Workout","2026-04-14","Sauna","recovery","1","","","","12","12","105","","","","","115","","",""
"Workout","2026-04-14","Legs","legs","1","1","","1","9","69","497","","","","","107","","",""
"Workout","2026-04-14","Calf Raises","legs","4","15","75","","","","","","","","","","","",""
"Workout","2026-04-14","Calf Raises","legs","3","15","70","","","","","","","","","","","",""
"Workout","2026-04-14","Calf Raises","legs","2","15","60","","","","","","","","","","","",""
"Workout","2026-04-14","Calf Raises","legs","1","15","40","","","","","","","","","","","",""
"Workout","2026-04-14","Hip Adductors","legs","4","10","40","","","","","","","","","","","",""
"Workout","2026-04-14","Hip Adductors","legs","3","10","40","","","","","","","","","","","",""
"Workout","2026-04-14","Hip Adductors","legs","2","12","35","","","","","","","","","","","",""
"Workout","2026-04-14","Hip Adductors","legs","1","12","35","","","","","","","","","","","",""
"Workout","2026-04-14","Hip Abductor Machine","legs","4","10","72.5","","","","","","","","","","","",""
"Workout","2026-04-14","Hip Abductor Machine","legs","3","10","72.5","","","","","","","","","","","",""
"Workout","2026-04-14","Hip Abductor Machine","legs","2","10","65","","","","","","","","","","","",""
"Workout","2026-04-14","Hip Abductor Machine","legs","1","10","57.5","","","","","","","","","","","",""
"Workout","2026-04-14","Leg Curl","legs","4","4","72.5","","","","","","","","","","","",""
"Workout","2026-04-14","Leg Curl","legs","3","8","65","","","","","","","","","","","",""
"Workout","2026-04-14","Leg Curl","legs","2","8","65","","","","","","","","","","","",""
"Workout","2026-04-14","Leg Curl","legs","1","10","57.5","","","","","","","","","","","",""
"Workout","2026-04-14","Hack Squat Machine","legs","4","8","70","","","","","","","","","","","",""
"Workout","2026-04-14","Hack Squat Machine","legs","3","8","70","","","","","","","","","","","",""
"Workout","2026-04-14","Hack Squat Machine","legs","2","10","60","","","","","","","","","","","",""
"Workout","2026-04-14","Hack Squat Machine","legs","1","12","40","","","","","","","","","","","",""
"Workout","2026-04-14","Abs","core","3","20","","","","","","","","","","","","",""
"Workout","2026-04-14","Abs","core","2","30","","","","","","","","","","","","",""
"Workout","2026-04-14","Abs","core","1","30","","","","","","","","","","","","",""
"Workout","2026-04-14","Single Leg Squat","legs","3","10","","","","","","","","","","","","",""
"Workout","2026-04-14","Single Leg Squat","legs","2","10","","","","","","","","","","","","",""
"Workout","2026-04-14","Single Leg Squat","legs","1","10","","","","","","","","","","","","",""
"Nutrition","2026-04-13","Dinner","Dinner","","","","","","","200","13","30","7","","","150g Takoyaki","",""
"Nutrition","2026-04-13","Dinner","Dinner","","","","","","","100","4","12","3","","","50g Gyoza","",""
"Nutrition","2026-04-13","Dinner","Dinner","","","","","","","100","8","12","1","","","1serving Tuna Sushi","",""
"Nutrition","2026-04-13","Dinner","Dinner","","","","","","","800","20","50","35","","","1serving Ramen","",""
"Nutrition","2026-04-13","Supplements","Supplements","","","","","","","","","","","","","7g Creatine","",""
"Nutrition","2026-04-13","Supplements","Supplements","","","","","","","","","","","","","7g Creatine","",""
"Nutrition","2026-04-13","Breakfast","Breakfast","","","","","","","30","1","8","","7","","50g Mango","",""
"Nutrition","2026-04-13","Lunch","Lunch","","","","","","","413","78","40","9","","","250g Chicken Breast","",""
"Nutrition","2026-04-13","Protein","Protein","","","","","","","105","24","3","1","1","","30g Casein Protein Powder","",""
"Nutrition","2026-04-13","Breakfast","Breakfast","","","","","","","105","24","3","1","1","","30g Casein Protein Powder","",""
"Nutrition","2026-04-13","Breakfast","Breakfast","","","","","","","118","20","8","","8","","2serving Greek Yogurt (Plain)","",""
"Nutrition","2026-04-13","Breakfast","Breakfast","","","","","","","124","7","21","2","3","",".5serving Whole Wheat Bread","",""
"Nutrition","2026-04-13","Breakfast","Breakfast","","","","","","","310","26","2","22","2","","2serving Whole Egg","",""
"Workout","2026-04-13","Abs","core","6","15","","","","","","","","","","","","",""
"Workout","2026-04-13","Abs","core","5","15","","","","","","","","","","","","",""
"Workout","2026-04-13","Abs","core","4","15","","","","","","","","","","","","",""
"Workout","2026-04-13","Abs","core","3","15","","","","","","","","","","","","",""
"Workout","2026-04-13","Abs","core","2","15","","","","","","","","","","","","",""
"Workout","2026-04-13","Abs","core","1","15","","","10","10","","","","","","112","","",""
"Workout","2026-04-13","Ice Bath","recovery","1","","","","2","2","","","","","","","","",""
"Workout","2026-04-13","Sauna","recovery","1","","","","11","11","","","","","","","","",""
"Workout","2026-04-13","Chest","chest","1","1","","","53","53","318","","","","","94","","",""
"Workout","2026-04-13","Standing Chest Flies","chest","4","8","125","","","","","","","","","","","",""
"Workout","2026-04-13","Standing Chest Flies","chest","3","8","125","","","","","","","","","","","",""
"Workout","2026-04-13","Standing Chest Flies","chest","2","10","125","","","","","","","","","","","",""
"Workout","2026-04-13","Standing Chest Flies","chest","1","10","110","","","","","","","","","","","",""
"Workout","2026-04-13","Tricep Dips","chest","3","10","","","","","","","","","","","","",""
"Workout","2026-04-13","Tricep Dips","chest","2","10","","","","","","","","","","","","",""
"Workout","2026-04-13","Tricep Dips","chest","1","13","","","","","","","","","","","","",""
"Workout","2026-04-13","Chest Press Decline Machine","chest","1","7","70","","","","","","","","","","","",""
"Workout","2026-04-13","Chest Press Decline Machine","chest","3","9","70","","","","","","","","","","","",""
"Workout","2026-04-13","Chest Press Decline Machine","chest","2","10","60","","","","","","","","","","","",""
"Workout","2026-04-13","Chest Press Decline Machine","chest","1","5","80","","","","","","","","","","","",""
"Workout","2026-04-13","Chest Press Wide Machine","chest","4","7","110","","","","","","","","","","","",""
"Workout","2026-04-13","Chest Press Wide Machine","chest","3","8","100","","","","","","","","","","","",""
"Workout","2026-04-13","Chest Press Wide Machine","chest","2","10","80","","","","","","","","","","","",""
"Workout","2026-04-13","Chest Press Wide Machine","chest","1","10","40","","","","","","","","","","","",""
"Workout","2026-04-13","Bench Press Machine","chest","2","5","130","","","","","","","","","","","",""
"Workout","2026-04-13","Bench Press Machine","chest","1","7","130","","","","","","","","","","","",""
"Workout","2026-04-13","Bench Press Machine","chest","1","8","120","","","","","","","","","","","",""
"Workout","2026-04-13","Bench Press Machine","chest","2","10","80","","","","","","","","","","","",""
"Workout","2026-04-13","Bench Press Machine","chest","1","10","40","","","","","","","","","","","",""
"Workout","2026-04-12","Ice Skating","cardio","1","","","1","","60","300","","","","","","","",""
"Workout","2026-04-10","Ice Bath","recovery","1","","","","2","2","","","","","","","","",""
"Workout","2026-04-10","Sauna","recovery","1","","","","11","11","","","","","","","","",""
"Workout","2026-04-10","Back","triceps","1","1","","","51","51","413","","","","","115","","",""
"Workout","2026-04-10","Seated Row Machine","back","4","10","120","","","","","","","","","","","",""
"Workout","2026-04-10","Seated Row Machine","back","3","8","120","","","","","","","","","","","",""
"Workout","2026-04-10","Seated Row Machine","back","2","10","120","","","","","","","","","","","",""
"Workout","2026-04-10","Seated Row Machine","back","1","10","80","","","","","","","","","","","",""
"Workout","2026-04-10","Back Flies","back","4","10","57.5","","","","","","","","","","","",""
"Workout","2026-04-10","Back Flies","back","3","10","50","","","","","","","","","","","",""
"Workout","2026-04-10","Back Flies","back","2","10","45","","","","","","","","","","","",""
"Workout","2026-04-10","Back Flies","back","1","10","45","","","","","","","","","","","",""
"Workout","2026-04-10","Lat Pulldown","back","4","6","82.5","","","","","","","","","","","",""
"Workout","2026-04-10","Lat Pulldown","back","3","5","82.5","","","","","","","","","","","",""
"Workout","2026-04-10","Lat Pulldown","back","2","7","75","","","","","","","","","","","",""
"Workout","2026-04-10","Lat Pulldown","back","1","10","67.5","","","","","","","","","","","",""
"Workout","2026-04-10","Rows Machine","back","4","6","75","","","","","","","","","","","",""
"Workout","2026-04-10","Rows Machine","back","3","6","75","","","","","","","","","","","",""
"Workout","2026-04-10","Rows Machine","back","2","10","67.5","","","","","","","","","","","",""
"Workout","2026-04-10","Rows Machine","back","1","10","60","","","","","","","","","","","",""
"Workout","2026-04-10","Abs","core","6","1","","","","","","","","","","","","",""
"Workout","2026-04-10","Abs","core","5","1","","","","","","","","","","","","",""
"Workout","2026-04-10","Abs","core","4","1","","","","","","","","","","","","",""
"Workout","2026-04-10","Abs","core","3","1","","","","","","","","","","","","",""
"Workout","2026-04-10","Abs","core","2","1","","","","","","","","","","","","",""
"Workout","2026-04-10","Abs","core","1","1","","","13","13","91","","","","","105","","",""
"Workout","2026-04-09","Massage","recovery","1","","","1","","60","","","","","","","","",""
"Workout","2026-04-09","Ice Bath","recovery","1","","","","1","1","","","","","","","","",""
"Workout","2026-04-09","Legs","legs","1","1","","","53","53","385","","","","","109","","",""
"Workout","2026-04-09","Sauna","recovery","1","","","","12","12","","","","","","","","",""
"Workout","2026-04-09","Hack Squat Machine","legs","1","10","40","","","","","","","","","","","",""
"Workout","2026-04-09","Hack Squat Machine","legs","4","10","60","","","","","","","","","","","",""
"Workout","2026-04-09","Hack Squat Machine","legs","3","10","40","","","","","","","","","","","",""
"Workout","2026-04-09","Hack Squat Machine","legs","2","8","80","","","","","","","","","","","",""
"Workout","2026-04-09","Hack Squat Machine","legs","1","10","","","","","","","","","","","","",""
"Workout","2026-04-09","Leg Extension","legs","4","8","80","","","","","","","","","","","",""
"Workout","2026-04-09","Leg Extension","legs","3","8","80","","","","","","","","","","","",""
"Workout","2026-04-09","Leg Extension","legs","2","8","87.5","","","","","","","","","","","",""
"Workout","2026-04-09","Leg Extension","legs","1","10","72.5","","","","","","","","","","","",""
"Workout","2026-04-09","Stretching Routine","stretching","1","","","","10","10","80","","","","","112","","",""
"Workout","2026-04-09","Abs","core","1","1","","","4","4","30","","","","","112","","",""
"Workout","2026-04-09","Calf Raises","legs","4","15","65","","","","","","","","","","","",""
"Workout","2026-04-09","Calf Raises","legs","3","15","65","","","","","","","","","","","",""
"Workout","2026-04-09","Calf Raises","legs","2","15","60","","","","","","","","","","","",""
"Workout","2026-04-09","Calf Raises","legs","1","20","40","","","","","","","","","","","",""
"Workout","2026-04-09","Hip Adductors","legs","4","10","35","","","","","","","","","","","",""
"Workout","2026-04-09","Hip Adductors","legs","3","10","35","","","","","","","","","","","",""
"Workout","2026-04-09","Hip Adductors","legs","2","10","35","","","","","","","","","","","",""
"Workout","2026-04-09","Hip Adductors","legs","1","10","35","","","","","","","","","","","",""
"Workout","2026-04-09","Hip Abductor Machine","legs","4","10","65","","","","","","","","","","","",""
"Workout","2026-04-09","Hip Abductor Machine","legs","3","10","65","","","","","","","","","","","",""
"Workout","2026-04-09","Hip Abductor Machine","legs","2","8","65","","","","","","","","","","","",""
"Workout","2026-04-09","Hip Abductor Machine","legs","1","10","50","","","","","","","","","","","",""
"Workout","2026-04-09","Leg Curl","legs","4","5","62","","","","","","","","","","","",""
"Workout","2026-04-09","Leg Curl","legs","3","5","65","","","","","","","","","","","",""
"Workout","2026-04-09","Leg Curl","legs","2","6","65","","","","","","","","","","","",""
"Workout","2026-04-09","Leg Curl","legs","1","10","50","","","","","","","","","","","",""
"Workout","2026-04-08","Massage Gun","recovery","1","","","","5","5","","","","","","","","",""
"Workout","2026-04-08","Pickleball","pickleball","1","","","3","3","183","2053","","","","","129","","",""
"Workout","2026-04-07","Chest","chest","1","1","","1","6","66","500","","","","","112","","",""
"Workout","2026-04-07","Standing Chest Flies","chest","4","10","125","","","","","","","","","","","",""
"Workout","2026-04-07","Standing Chest Flies","chest","3","10","125","","","","","","","","","","","",""
"Workout","2026-04-07","Standing Chest Flies","chest","2","10","125","","","","","","","","","","","",""
"Workout","2026-04-07","Standing Chest Flies","chest","1","12","110","","","","","","","","","","","",""
"Workout","2026-04-07","Fly Machine","chest","2","7","85","","","","","","","","","","","",""
"Workout","2026-04-07","Fly Machine","chest","1","10","80","","","","","","","","","","","",""
"Workout","2026-04-07","Fly Machine","chest","1","10","80","","","","","","","","","","","",""
"Workout","2026-04-07","Tricep Dips","chest","1","8","20","","","","","","","","","","","",""
"Workout","2026-04-07","Tricep Dips","chest","3","10","20","","","","","","","","","","","",""
"Workout","2026-04-07","Tricep Dips","chest","2","10","20","","","","","","","","","","","",""
"Workout","2026-04-07","Tricep Dips","chest","1","15","","","","","","","","","","","","",""
"Workout","2026-04-07","Bench Press Machine","chest","4","8","","","","","","","","","","","","",""
"Workout","2026-04-07","Bench Press Machine","chest","3","5","135","","","","","","","","","","","",""
"Workout","2026-04-07","Bench Press Machine","chest","2","7","130","","","","","","","","","","","",""
"Workout","2026-04-07","Bench Press Machine","chest","1","8","120","","","","","","","","","","","",""
"Workout","2026-04-07","Bench Press Incline Machine","chest","4","5","140","","","","","","","","","","","",""
"Workout","2026-04-07","Bench Press Incline Machine","chest","3","7","130","","","","","","","","","","","",""
"Workout","2026-04-07","Bench Press Incline Machine","chest","2","8","120","","","","","","","","","","","",""
"Workout","2026-04-07","Bench Press Incline Machine","chest","1","13","80","","","","","","","","","","","",""
"Workout","2026-04-07","Abs","stretching","1","","","","8","8","59","","","","","119","","",""
"Workout","2026-04-07","Stretching Routine","stretching","1","","","","8","8","54","","","","","95","","",""
"Workout","2026-04-06","Pickleball","pickleball","1","","","3","3","183","1812","","","","","122","","",""
"Workout","2026-04-06","Shoulders","shoulders","1","1","","","41","41","316","","","","","118","","",""
"Workout","2026-04-06","Stretching Routine","stretching","1","","","","10","10","68","","","","","97","","",""
"Workout","2026-04-06","Lat Pulldown","back","4","8","75","","","","","","","","","","","",""
"Workout","2026-04-06","Lat Pulldown","back","3","8","67.5","","","","","","","","","","","",""
"Workout","2026-04-06","Lat Pulldown","back","2","10","60","","","","","","","","","","","",""
"Workout","2026-04-06","Lat Pulldown","back","1","15","45","","","","","","","","","","","",""
"Workout","2026-04-06","Seated Lat Raises Machine","shoulders","3","10","50","","","","","","","","","","","",""
"Workout","2026-04-06","Seated Lat Raises Machine","shoulders","2","6","60","","","","","","","","","","","",""
"Workout","2026-04-06","Seated Lat Raises Machine","shoulders","1","6","60","","","","","","","","","","","",""
"Workout","2026-04-06","Shoulder Press Machine","shoulders","4","6","90","","","","","","","","","","","",""
"Workout","2026-04-06","Shoulder Press Machine","shoulders","3","6","90","","","","","","","","","","","",""
"Workout","2026-04-06","Shoulder Press Machine","shoulders","2","8","90","","","","","","","","","","","",""
"Workout","2026-04-06","Shoulder Press Machine","shoulders","1","10","40","","","","","","","","","","","",""
"Workout","2026-04-06","Lat Raises Machine","shoulders","1","8","65","","","","","","","","","","","",""
"Workout","2026-04-06","Lat Raises Machine","shoulders","2","10","55","","","","","","","","","","","",""
"Workout","2026-04-06","Lat Raises Machine","shoulders","1","10","45","","","","","","","","","","","",""
"Workout","2026-04-06","Lat Raises Machine","shoulders","1","12","35","","","","","","","","","","","",""
"Workout","2026-04-06","Abs","stretching","1","","","","7","7","51","","","","","118","","",""
"Workout","2026-04-03","Legs","legs","1","1","","","55","55","390","","","","","110","","",""
"Workout","2026-04-03","Leg Extension","legs","4","8","87.5","","","","","","","","","","","",""
"Workout","2026-04-03","Leg Extension","legs","3","8","87.5","","","","","","","","","","","",""
"Workout","2026-04-03","Leg Extension","legs","2","10","87.5","","","","","","","","","","","",""
"Workout","2026-04-03","Leg Extension","legs","1","10","65","","","","","","","","","","","",""
"Workout","2026-04-03","Calf Raises","legs","4","12","60","","","","","","","","","","","",""
"Workout","2026-04-03","Calf Raises","legs","3","12","60","","","","","","","","","","","",""
"Workout","2026-04-03","Calf Raises","legs","2","10","60","","","","","","","","","","","",""
"Workout","2026-04-03","Calf Raises","legs","1","18","40","","","","","","","","","","","",""
"Workout","2026-04-03","Leg Curl","legs","1","6","57.5","","","","","","","","","","","",""
"Workout","2026-04-03","Leg Curl","legs","3","8","57.5","","","","","","","","","","","",""
"Workout","2026-04-03","Leg Curl","legs","2","8","57.5","","","","","","","","","","","",""
"Workout","2026-04-03","Leg Curl","legs","1","10","50","","","","","","","","","","","",""
"Workout","2026-04-03","Hip Adductors","legs","4","8","35","","","","","","","","","","","",""
"Workout","2026-04-03","Hip Adductors","legs","3","10","35","","","","","","","","","","","",""
"Workout","2026-04-03","Hip Adductors","legs","2","10","35","","","","","","","","","","","",""
"Workout","2026-04-03","Hip Adductors","legs","1","10","35","","","","","","","","","","","",""
"Workout","2026-04-03","Hip Abductor Machine","legs","3","8","65","","","","","","","","","","","",""
"Workout","2026-04-03","Hip Abductor Machine","legs","2","10","57.5","","","","","","","","","","","",""
"Workout","2026-04-03","Hip Abductor Machine","legs","1","15","40","","","","","","","","","","","",""
"Workout","2026-04-03","Hack Squat Machine","legs","1","10","70","","","","","","","","","","","",""
"Workout","2026-04-03","Hack Squat Machine","chest","3","10","60","","","","","","","","","","","",""
"Workout","2026-04-03","Hack Squat Machine","chest","2","12","40","","","","","","","","","","","",""
"Workout","2026-04-03","Hack Squat Machine","chest","1","10","20","","","","","","","","","","","",""
"Workout","2026-04-03","Hack Squat Machine","legs","1","10","","","","","","","","","","","","",""
"Workout","2026-04-02","Chest","chest","1","1","","","53","53","465","","","","","119","","",""
"Workout","2026-04-02","Stretching Routine","stretching","1","","","","10","10","80","","","","","","","",""
"Workout","2026-04-02","Abs","stretching","1","","","","8","8","70","","","","","","","",""
"Workout","2026-04-02","Tricep Dips","chest","3","8","20","","","","","","","","","","","",""
"Workout","2026-04-02","Tricep Dips","chest","2","8","20","","","","","","","","","","","",""
"Workout","2026-04-02","Tricep Dips","chest","1","15","","","","","","","","","","","","",""
"Workout","2026-04-02","Standing Chest Flies","chest","3","10","115","","","","","","","","","","","",""
"Workout","2026-04-02","Standing Chest Flies","chest","2","10","100","","","","","","","","","","","",""
"Workout","2026-04-02","Standing Chest Flies","chest","1","10","115","","","","","","","","","","","",""
"Workout","2026-04-02","Fly Machine","chest","3","10","80","","","","","","","","","","","",""
"Workout","2026-04-02","Fly Machine","chest","2","10","80","","","","","","","","","","","",""
"Workout","2026-04-02","Fly Machine","chest","1","10","80","","","","","","","","","","","",""
"Workout","2026-04-02","Bench Press Incline Machine","chest","4","10","80","","","","","","","","","","","",""
"Workout","2026-04-02","Bench Press Incline Machine","chest","3","6","120","","","","","","","","","","","",""
"Workout","2026-04-02","Bench Press Incline Machine","chest","2","5","120","","","","","","","","","","","",""
"Workout","2026-04-02","Bench Press Incline Machine","chest","1","3","120","","","","","","","","","","","",""
"Workout","2026-04-02","Bench Press Machine","chest","5","12","80","","","","","","","","","","","",""
"Workout","2026-04-02","Bench Press Machine","chest","4","8","120","","","","","","","","","","","",""
"Workout","2026-04-02","Bench Press Machine","chest","3","8","120","","","","","","","","","","","",""
"Workout","2026-04-02","Bench Press Machine","chest","2","6","130","","","","","","","","","","","",""
"Workout","2026-04-02","Bench Press Machine","chest","1","3","130","","","","","","","","","","","",""
"Workout","2026-04-01","Back","back","1","1","","","23","23","153","","","","","108","","",""
"Workout","2026-04-01","Lat Pulldown","back","4","10","50","","","","","","","","","","","",""
"Workout","2026-04-01","Lat Pulldown","back","3","10","50","","","","","","","","","","","",""
"Workout","2026-04-01","Lat Pulldown","back","2","10","45","","","","","","","","","","","",""
"Workout","2026-04-01","Lat Pulldown","back","1","10","40","","","","","","","","","","","",""
"Workout","2026-04-01","Lat Raises Machine","shoulders","3","10","40","","","","","","","","","","","",""
"Workout","2026-04-01","Lat Raises Machine","shoulders","2","10","35","","","","","","","","","","","",""
"Workout","2026-04-01","Lat Raises Machine","shoulders","1","10","30","","","","","","","","","","","",""
"Workout","2026-04-01","Rows Machine","back","3","10","60","","","","","","","","","","","",""
"Workout","2026-04-01","Rows Machine","back","2","10","60","","","","","","","","","","","",""
"Workout","2026-04-01","Rows Machine","back","1","10","60","","","","","","","","","","","",""
"Workout","2026-04-01","Abs","stretching","1","","","","12","12","78","","","","","102","","",""
"Workout","2026-04-01","Pickleball","pickleball","1","","","2","51","171","1590","","","","","120","","",""